loc,length,bug type,approach
421,18,TOD,code snippet injection
402,18,TOD,code snippet injection
383,18,TOD,code snippet injection
369,13,TOD,code snippet injection
355,13,TOD,code snippet injection
336,18,TOD,code snippet injection
322,13,TOD,code snippet injection
308,13,TOD,code snippet injection
294,13,TOD,code snippet injection
280,13,TOD,code snippet injection
266,13,TOD,code snippet injection
252,13,TOD,code snippet injection
233,18,TOD,code snippet injection
214,18,TOD,code snippet injection
195,18,TOD,code snippet injection
181,13,TOD,code snippet injection
162,18,TOD,code snippet injection
1544,13,TOD,code snippet injection
1521,13,TOD,code snippet injection
1494,18,TOD,code snippet injection
1474,13,TOD,code snippet injection
1448,18,TOD,code snippet injection
1425,13,TOD,code snippet injection
1402,18,TOD,code snippet injection
1379,18,TOD,code snippet injection
1356,18,TOD,code snippet injection
1288,18,TOD,code snippet injection
1270,13,TOD,code snippet injection
1248,18,TOD,code snippet injection
1226,18,TOD,code snippet injection
1204,18,TOD,code snippet injection
1187,13,TOD,code snippet injection
1168,13,TOD,code snippet injection
1144,13,TOD,code snippet injection
1122,18,TOD,code snippet injection
1103,13,TOD,code snippet injection
1072,13,TOD,code snippet injection
1041,18,TOD,code snippet injection
1011,18,TOD,code snippet injection
991,13,TOD,code snippet injection
