loc,length,bug type,approach
230,18,TOD,code snippet injection
211,18,TOD,code snippet injection
488,18,TOD,code snippet injection
449,13,TOD,code snippet injection
431,13,TOD,code snippet injection
408,18,TOD,code snippet injection
387,13,TOD,code snippet injection
370,13,TOD,code snippet injection
351,13,TOD,code snippet injection
330,13,TOD,code snippet injection
310,13,TOD,code snippet injection
293,13,TOD,code snippet injection
465,18,TOD,code snippet injection
269,18,TOD,code snippet injection
250,18,TOD,code snippet injection
196,13,TOD,code snippet injection
177,18,TOD,code snippet injection
163,13,TOD,code snippet injection
147,13,TOD,code snippet injection
128,18,TOD,code snippet injection
114,13,TOD,code snippet injection
