loc,length,bug type,approach
247,18,TOD,code snippet injection
228,18,TOD,code snippet injection
764,18,TOD,code snippet injection
746,13,TOD,code snippet injection
726,13,TOD,code snippet injection
690,18,TOD,code snippet injection
669,13,TOD,code snippet injection
649,13,TOD,code snippet injection
621,13,TOD,code snippet injection
604,13,TOD,code snippet injection
587,13,TOD,code snippet injection
568,13,TOD,code snippet injection
544,18,TOD,code snippet injection
418,18,TOD,code snippet injection
395,18,TOD,code snippet injection
358,13,TOD,code snippet injection
336,18,TOD,code snippet injection
317,13,TOD,code snippet injection
296,13,TOD,code snippet injection
270,18,TOD,code snippet injection
509,13,TOD,code snippet injection
490,18,TOD,code snippet injection
476,13,TOD,code snippet injection
457,18,TOD,code snippet injection
438,18,TOD,code snippet injection
208,18,TOD,code snippet injection
189,18,TOD,code snippet injection
175,13,TOD,code snippet injection
154,18,TOD,code snippet injection
135,18,TOD,code snippet injection
115,18,TOD,code snippet injection
99,13,TOD,code snippet injection
85,13,TOD,code snippet injection
71,13,TOD,code snippet injection
