loc,length,bug type,approach
440,18,TOD,code snippet injection
421,18,TOD,code snippet injection
231,18,TOD,code snippet injection
217,13,TOD,code snippet injection
924,13,TOD,code snippet injection
874,18,TOD,code snippet injection
829,13,TOD,code snippet injection
811,13,TOD,code snippet injection
793,13,TOD,code snippet injection
773,13,TOD,code snippet injection
741,13,TOD,code snippet injection
720,13,TOD,code snippet injection
694,18,TOD,code snippet injection
661,18,TOD,code snippet injection
639,18,TOD,code snippet injection
622,13,TOD,code snippet injection
594,18,TOD,code snippet injection
574,13,TOD,code snippet injection
405,13,TOD,code snippet injection
382,18,TOD,code snippet injection
347,13,TOD,code snippet injection
325,18,TOD,code snippet injection
306,13,TOD,code snippet injection
280,18,TOD,code snippet injection
254,18,TOD,code snippet injection
852,18,TOD,code snippet injection
531,18,TOD,code snippet injection
517,13,TOD,code snippet injection
498,18,TOD,code snippet injection
479,18,TOD,code snippet injection
460,18,TOD,code snippet injection
201,13,TOD,code snippet injection
187,13,TOD,code snippet injection
172,13,TOD,code snippet injection
151,18,TOD,code snippet injection
137,13,TOD,code snippet injection
123,13,TOD,code snippet injection
102,18,TOD,code snippet injection
83,18,TOD,code snippet injection
69,13,TOD,code snippet injection
