loc,length,bug type,approach
441,18,TOD,code snippet injection
418,18,TOD,code snippet injection
385,18,TOD,code snippet injection
358,13,TOD,code snippet injection
338,13,TOD,code snippet injection
314,18,TOD,code snippet injection
297,13,TOD,code snippet injection
275,13,TOD,code snippet injection
94,13,TOD,code snippet injection
80,13,TOD,code snippet injection
66,13,TOD,code snippet injection
52,13,TOD,code snippet injection
33,18,TOD,code snippet injection
14,18,TOD,code snippet injection
250,18,TOD,code snippet injection
236,13,TOD,code snippet injection
215,18,TOD,code snippet injection
195,13,TOD,code snippet injection
181,13,TOD,code snippet injection
162,18,TOD,code snippet injection
148,13,TOD,code snippet injection
