loc,length,bug type,approach
359,18,TOD,code snippet injection
340,18,TOD,code snippet injection
607,18,TOD,code snippet injection
568,13,TOD,code snippet injection
550,13,TOD,code snippet injection
527,18,TOD,code snippet injection
506,13,TOD,code snippet injection
489,13,TOD,code snippet injection
470,13,TOD,code snippet injection
449,13,TOD,code snippet injection
429,13,TOD,code snippet injection
412,13,TOD,code snippet injection
209,18,TOD,code snippet injection
186,18,TOD,code snippet injection
163,18,TOD,code snippet injection
134,13,TOD,code snippet injection
584,18,TOD,code snippet injection
393,13,TOD,code snippet injection
379,13,TOD,code snippet injection
320,18,TOD,code snippet injection
306,13,TOD,code snippet injection
287,18,TOD,code snippet injection
271,13,TOD,code snippet injection
252,18,TOD,code snippet injection
233,18,TOD,code snippet injection
112,18,TOD,code snippet injection
