loc,length,bug type,approach
195,18,TOD,code snippet injection
176,18,TOD,code snippet injection
157,18,TOD,code snippet injection
143,13,TOD,code snippet injection
129,13,TOD,code snippet injection
110,18,TOD,code snippet injection
96,13,TOD,code snippet injection
724,13,TOD,code snippet injection
699,13,TOD,code snippet injection
676,13,TOD,code snippet injection
644,13,TOD,code snippet injection
627,13,TOD,code snippet injection
605,18,TOD,code snippet injection
583,18,TOD,code snippet injection
561,18,TOD,code snippet injection
544,13,TOD,code snippet injection
522,18,TOD,code snippet injection
505,13,TOD,code snippet injection
487,13,TOD,code snippet injection
463,18,TOD,code snippet injection
443,13,TOD,code snippet injection
413,18,TOD,code snippet injection
393,13,TOD,code snippet injection
369,18,TOD,code snippet injection
346,18,TOD,code snippet injection
320,18,TOD,code snippet injection
289,18,TOD,code snippet injection
266,13,TOD,code snippet injection
244,18,TOD,code snippet injection
222,18,TOD,code snippet injection
739,18,TOD,code snippet injection
81,13,TOD,code snippet injection
50,13,TOD,code snippet injection
36,13,TOD,code snippet injection
17,18,TOD,code snippet injection
