loc,length,bug type,approach
358,18,TOD,code snippet injection
339,18,TOD,code snippet injection
606,18,TOD,code snippet injection
567,13,TOD,code snippet injection
549,13,TOD,code snippet injection
526,18,TOD,code snippet injection
505,13,TOD,code snippet injection
488,13,TOD,code snippet injection
469,13,TOD,code snippet injection
448,13,TOD,code snippet injection
428,13,TOD,code snippet injection
411,13,TOD,code snippet injection
208,18,TOD,code snippet injection
185,18,TOD,code snippet injection
162,18,TOD,code snippet injection
135,13,TOD,code snippet injection
583,18,TOD,code snippet injection
392,13,TOD,code snippet injection
378,13,TOD,code snippet injection
319,18,TOD,code snippet injection
305,13,TOD,code snippet injection
286,18,TOD,code snippet injection
270,13,TOD,code snippet injection
251,18,TOD,code snippet injection
232,18,TOD,code snippet injection
113,18,TOD,code snippet injection
