loc,length,bug type,approach
266,18,TOD,code snippet injection
247,18,TOD,code snippet injection
228,18,TOD,code snippet injection
633,13,TOD,code snippet injection
616,13,TOD,code snippet injection
592,18,TOD,code snippet injection
573,13,TOD,code snippet injection
553,13,TOD,code snippet injection
530,13,TOD,code snippet injection
510,13,TOD,code snippet injection
490,13,TOD,code snippet injection
471,13,TOD,code snippet injection
447,18,TOD,code snippet injection
423,18,TOD,code snippet injection
399,18,TOD,code snippet injection
379,13,TOD,code snippet injection
353,18,TOD,code snippet injection
300,13,TOD,code snippet injection
286,13,TOD,code snippet injection
208,18,TOD,code snippet injection
194,13,TOD,code snippet injection
175,18,TOD,code snippet injection
161,13,TOD,code snippet injection
142,18,TOD,code snippet injection
123,18,TOD,code snippet injection
104,18,TOD,code snippet injection
84,18,TOD,code snippet injection
70,13,TOD,code snippet injection
51,18,TOD,code snippet injection
32,18,TOD,code snippet injection
