loc,length,bug type,approach
260,18,TOD,code snippet injection
241,18,TOD,code snippet injection
911,18,TOD,code snippet injection
892,13,TOD,code snippet injection
873,13,TOD,code snippet injection
819,18,TOD,code snippet injection
758,13,TOD,code snippet injection
712,13,TOD,code snippet injection
695,13,TOD,code snippet injection
678,13,TOD,code snippet injection
655,13,TOD,code snippet injection
638,13,TOD,code snippet injection
616,18,TOD,code snippet injection
594,18,TOD,code snippet injection
564,18,TOD,code snippet injection
542,13,TOD,code snippet injection
513,18,TOD,code snippet injection
492,13,TOD,code snippet injection
472,13,TOD,code snippet injection
447,18,TOD,code snippet injection
426,13,TOD,code snippet injection
404,18,TOD,code snippet injection
382,13,TOD,code snippet injection
355,18,TOD,code snippet injection
50,18,TOD,code snippet injection
793,18,TOD,code snippet injection
774,18,TOD,code snippet injection
299,13,TOD,code snippet injection
280,18,TOD,code snippet injection
221,18,TOD,code snippet injection
202,18,TOD,code snippet injection
188,13,TOD,code snippet injection
173,13,TOD,code snippet injection
158,13,TOD,code snippet injection
139,18,TOD,code snippet injection
125,13,TOD,code snippet injection
111,13,TOD,code snippet injection
92,18,TOD,code snippet injection
73,18,TOD,code snippet injection
32,13,TOD,code snippet injection
