loc,length,bug type,approach
228,18,TOD,code snippet injection
209,18,TOD,code snippet injection
190,18,TOD,code snippet injection
176,13,TOD,code snippet injection
161,13,TOD,code snippet injection
142,18,TOD,code snippet injection
682,13,TOD,code snippet injection
657,13,TOD,code snippet injection
634,13,TOD,code snippet injection
601,13,TOD,code snippet injection
584,13,TOD,code snippet injection
567,13,TOD,code snippet injection
545,18,TOD,code snippet injection
523,18,TOD,code snippet injection
501,18,TOD,code snippet injection
484,13,TOD,code snippet injection
461,18,TOD,code snippet injection
441,13,TOD,code snippet injection
416,13,TOD,code snippet injection
391,18,TOD,code snippet injection
372,13,TOD,code snippet injection
349,18,TOD,code snippet injection
328,13,TOD,code snippet injection
300,18,TOD,code snippet injection
278,18,TOD,code snippet injection
256,18,TOD,code snippet injection
121,18,TOD,code snippet injection
91,13,TOD,code snippet injection
72,18,TOD,code snippet injection
53,18,TOD,code snippet injection
33,18,TOD,code snippet injection
19,13,TOD,code snippet injection
