loc,length,bug type,approach
1630,18,TOD,code snippet injection
384,18,TOD,code snippet injection
365,18,TOD,code snippet injection
351,13,TOD,code snippet injection
337,13,TOD,code snippet injection
318,18,TOD,code snippet injection
304,13,TOD,code snippet injection
290,13,TOD,code snippet injection
276,13,TOD,code snippet injection
262,13,TOD,code snippet injection
248,13,TOD,code snippet injection
234,13,TOD,code snippet injection
215,18,TOD,code snippet injection
196,18,TOD,code snippet injection
177,18,TOD,code snippet injection
163,13,TOD,code snippet injection
144,18,TOD,code snippet injection
1685,13,TOD,code snippet injection
1616,13,TOD,code snippet injection
1590,18,TOD,code snippet injection
1544,13,TOD,code snippet injection
1513,18,TOD,code snippet injection
1488,13,TOD,code snippet injection
1466,18,TOD,code snippet injection
1443,18,TOD,code snippet injection
1415,18,TOD,code snippet injection
1376,18,TOD,code snippet injection
1358,13,TOD,code snippet injection
1327,18,TOD,code snippet injection
1304,18,TOD,code snippet injection
1281,18,TOD,code snippet injection
1263,13,TOD,code snippet injection
1216,13,TOD,code snippet injection
1198,13,TOD,code snippet injection
1176,18,TOD,code snippet injection
1159,13,TOD,code snippet injection
1142,13,TOD,code snippet injection
1120,18,TOD,code snippet injection
1095,18,TOD,code snippet injection
1071,13,TOD,code snippet injection
