loc,length,bug type,approach
1628,18,TOD,code snippet injection
313,18,TOD,code snippet injection
294,18,TOD,code snippet injection
280,13,TOD,code snippet injection
266,13,TOD,code snippet injection
247,18,TOD,code snippet injection
233,13,TOD,code snippet injection
219,13,TOD,code snippet injection
205,13,TOD,code snippet injection
191,13,TOD,code snippet injection
177,13,TOD,code snippet injection
163,13,TOD,code snippet injection
144,18,TOD,code snippet injection
125,18,TOD,code snippet injection
106,18,TOD,code snippet injection
1683,13,TOD,code snippet injection
1609,18,TOD,code snippet injection
1588,13,TOD,code snippet injection
1558,13,TOD,code snippet injection
1507,18,TOD,code snippet injection
1478,13,TOD,code snippet injection
1445,18,TOD,code snippet injection
1426,13,TOD,code snippet injection
1399,18,TOD,code snippet injection
1362,18,TOD,code snippet injection
1338,18,TOD,code snippet injection
1310,18,TOD,code snippet injection
1292,13,TOD,code snippet injection
1270,18,TOD,code snippet injection
1244,18,TOD,code snippet injection
1221,18,TOD,code snippet injection
1203,13,TOD,code snippet injection
1185,13,TOD,code snippet injection
1138,13,TOD,code snippet injection
1115,18,TOD,code snippet injection
1098,13,TOD,code snippet injection
1081,13,TOD,code snippet injection
1059,18,TOD,code snippet injection
1037,18,TOD,code snippet injection
1017,13,TOD,code snippet injection
