loc,length,bug type,approach
441,18,TOD,code snippet injection
422,18,TOD,code snippet injection
237,18,TOD,code snippet injection
223,13,TOD,code snippet injection
830,13,TOD,code snippet injection
807,18,TOD,code snippet injection
789,13,TOD,code snippet injection
769,13,TOD,code snippet injection
737,13,TOD,code snippet injection
716,13,TOD,code snippet injection
695,13,TOD,code snippet injection
667,13,TOD,code snippet injection
645,18,TOD,code snippet injection
623,18,TOD,code snippet injection
595,18,TOD,code snippet injection
575,13,TOD,code snippet injection
401,18,TOD,code snippet injection
383,13,TOD,code snippet injection
348,13,TOD,code snippet injection
326,18,TOD,code snippet injection
307,13,TOD,code snippet injection
281,18,TOD,code snippet injection
260,13,TOD,code snippet injection
532,18,TOD,code snippet injection
513,18,TOD,code snippet injection
494,18,TOD,code snippet injection
475,18,TOD,code snippet injection
461,13,TOD,code snippet injection
202,18,TOD,code snippet injection
183,18,TOD,code snippet injection
163,18,TOD,code snippet injection
147,13,TOD,code snippet injection
133,13,TOD,code snippet injection
119,13,TOD,code snippet injection
98,18,TOD,code snippet injection
84,13,TOD,code snippet injection
70,13,TOD,code snippet injection
