loc,length,bug type,approach
384,18,TOD,code snippet injection
365,18,TOD,code snippet injection
346,18,TOD,code snippet injection
332,13,TOD,code snippet injection
318,13,TOD,code snippet injection
299,18,TOD,code snippet injection
285,13,TOD,code snippet injection
271,13,TOD,code snippet injection
257,13,TOD,code snippet injection
243,13,TOD,code snippet injection
229,13,TOD,code snippet injection
215,13,TOD,code snippet injection
196,18,TOD,code snippet injection
177,18,TOD,code snippet injection
158,18,TOD,code snippet injection
144,13,TOD,code snippet injection
1601,18,TOD,code snippet injection
1575,13,TOD,code snippet injection
1550,13,TOD,code snippet injection
1528,18,TOD,code snippet injection
1510,13,TOD,code snippet injection
1482,18,TOD,code snippet injection
1448,13,TOD,code snippet injection
1425,18,TOD,code snippet injection
1394,18,TOD,code snippet injection
1371,18,TOD,code snippet injection
1348,18,TOD,code snippet injection
1330,13,TOD,code snippet injection
1278,18,TOD,code snippet injection
1255,18,TOD,code snippet injection
1233,18,TOD,code snippet injection
1216,13,TOD,code snippet injection
1199,13,TOD,code snippet injection
1182,13,TOD,code snippet injection
1157,18,TOD,code snippet injection
1133,13,TOD,code snippet injection
1116,13,TOD,code snippet injection
1091,18,TOD,code snippet injection
1055,18,TOD,code snippet injection
1028,13,TOD,code snippet injection
