loc,length,bug type,approach
310,18,TOD,code snippet injection
291,18,TOD,code snippet injection
272,18,TOD,code snippet injection
258,13,TOD,code snippet injection
243,13,TOD,code snippet injection
224,18,TOD,code snippet injection
1004,13,TOD,code snippet injection
978,13,TOD,code snippet injection
954,13,TOD,code snippet injection
914,13,TOD,code snippet injection
897,13,TOD,code snippet injection
880,13,TOD,code snippet injection
858,18,TOD,code snippet injection
836,18,TOD,code snippet injection
814,18,TOD,code snippet injection
797,13,TOD,code snippet injection
775,18,TOD,code snippet injection
758,13,TOD,code snippet injection
741,13,TOD,code snippet injection
718,18,TOD,code snippet injection
698,13,TOD,code snippet injection
668,18,TOD,code snippet injection
648,13,TOD,code snippet injection
624,18,TOD,code snippet injection
601,18,TOD,code snippet injection
576,18,TOD,code snippet injection
537,18,TOD,code snippet injection
507,13,TOD,code snippet injection
485,18,TOD,code snippet injection
462,18,TOD,code snippet injection
438,18,TOD,code snippet injection
419,13,TOD,code snippet injection
399,13,TOD,code snippet injection
380,13,TOD,code snippet injection
356,18,TOD,code snippet injection
337,13,TOD,code snippet injection
208,13,TOD,code snippet injection
169,18,TOD,code snippet injection
150,18,TOD,code snippet injection
136,13,TOD,code snippet injection
