loc,length,bug type,approach
730,18,TOD,code snippet injection
711,18,TOD,code snippet injection
465,18,TOD,code snippet injection
102,13,TOD,code snippet injection
1169,13,TOD,code snippet injection
1136,18,TOD,code snippet injection
1008,13,TOD,code snippet injection
992,13,TOD,code snippet injection
976,13,TOD,code snippet injection
958,13,TOD,code snippet injection
940,13,TOD,code snippet injection
917,13,TOD,code snippet injection
894,18,TOD,code snippet injection
863,18,TOD,code snippet injection
840,18,TOD,code snippet injection
775,13,TOD,code snippet injection
754,18,TOD,code snippet injection
563,13,TOD,code snippet injection
549,13,TOD,code snippet injection
255,18,TOD,code snippet injection
233,13,TOD,code snippet injection
207,18,TOD,code snippet injection
182,13,TOD,code snippet injection
149,18,TOD,code snippet injection
124,18,TOD,code snippet injection
65,18,TOD,code snippet injection
42,18,TOD,code snippet injection
24,13,TOD,code snippet injection
1112,18,TOD,code snippet injection
810,18,TOD,code snippet injection
790,18,TOD,code snippet injection
696,13,TOD,code snippet injection
682,13,TOD,code snippet injection
668,13,TOD,code snippet injection
648,18,TOD,code snippet injection
634,13,TOD,code snippet injection
620,13,TOD,code snippet injection
601,18,TOD,code snippet injection
582,18,TOD,code snippet injection
534,13,TOD,code snippet injection
