loc,length,bug type,approach
157,8,Re-entrancy,code snippet injection
149,7,Re-entrancy,code snippet injection
470,8,Re-entrancy,code snippet injection
458,8,Re-entrancy,code snippet injection
446,8,Re-entrancy,code snippet injection
428,8,Re-entrancy,code snippet injection
414,10,Re-entrancy,code snippet injection
401,9,Re-entrancy,code snippet injection
389,8,Re-entrancy,code snippet injection
369,8,Re-entrancy,code snippet injection
352,8,Re-entrancy,code snippet injection
333,8,Re-entrancy,code snippet injection
317,8,Re-entrancy,code snippet injection
303,6,Re-entrancy,code snippet injection
288,8,Re-entrancy,code snippet injection
272,8,Re-entrancy,code snippet injection
260,8,Re-entrancy,code snippet injection
243,8,Re-entrancy,code snippet injection
225,9,Re-entrancy,code snippet injection
45,8,Re-entrancy,code snippet injection
174,8,Re-entrancy,code snippet injection
167,6,Re-entrancy,code snippet injection
142,5,Re-entrancy,code snippet injection
132,9,Re-entrancy,code snippet injection
123,8,Re-entrancy,code snippet injection
115,7,Re-entrancy,code snippet injection
108,6,Re-entrancy,code snippet injection
99,7,Re-entrancy,code snippet injection
91,7,Re-entrancy,code snippet injection
82,8,Re-entrancy,code snippet injection
73,8,Re-entrancy,code snippet injection
64,8,Re-entrancy,code snippet injection
58,5,Re-entrancy,code snippet injection
32,8,Re-entrancy,code snippet injection
