loc,length,bug type,approach
102,8,Re-entrancy,code snippet injection
94,7,Re-entrancy,code snippet injection
285,8,Re-entrancy,code snippet injection
273,8,Re-entrancy,code snippet injection
261,8,Re-entrancy,code snippet injection
249,8,Re-entrancy,code snippet injection
235,10,Re-entrancy,code snippet injection
222,9,Re-entrancy,code snippet injection
210,8,Re-entrancy,code snippet injection
191,8,Re-entrancy,code snippet injection
171,8,Re-entrancy,code snippet injection
159,8,Re-entrancy,code snippet injection
124,8,Re-entrancy,code snippet injection
86,6,Re-entrancy,code snippet injection
77,8,Re-entrancy,code snippet injection
68,8,Re-entrancy,code snippet injection
59,8,Re-entrancy,code snippet injection
50,8,Re-entrancy,code snippet injection
40,9,Re-entrancy,code snippet injection
31,8,Re-entrancy,code snippet injection
22,8,Re-entrancy,code snippet injection
15,6,Re-entrancy,code snippet injection
9,5,Re-entrancy,code snippet injection
