loc,length,bug type,approach
141,8,Re-entrancy,code snippet injection
133,7,Re-entrancy,code snippet injection
124,8,Re-entrancy,code snippet injection
401,8,Re-entrancy,code snippet injection
389,8,Re-entrancy,code snippet injection
375,8,Re-entrancy,code snippet injection
359,10,Re-entrancy,code snippet injection
343,9,Re-entrancy,code snippet injection
325,8,Re-entrancy,code snippet injection
310,8,Re-entrancy,code snippet injection
295,8,Re-entrancy,code snippet injection
281,8,Re-entrancy,code snippet injection
266,8,Re-entrancy,code snippet injection
254,6,Re-entrancy,code snippet injection
240,8,Re-entrancy,code snippet injection
225,8,Re-entrancy,code snippet injection
209,8,Re-entrancy,code snippet injection
161,8,Re-entrancy,code snippet injection
151,9,Re-entrancy,code snippet injection
114,8,Re-entrancy,code snippet injection
105,8,Re-entrancy,code snippet injection
98,6,Re-entrancy,code snippet injection
92,5,Re-entrancy,code snippet injection
82,9,Re-entrancy,code snippet injection
73,8,Re-entrancy,code snippet injection
65,7,Re-entrancy,code snippet injection
57,6,Re-entrancy,code snippet injection
49,7,Re-entrancy,code snippet injection
41,7,Re-entrancy,code snippet injection
32,8,Re-entrancy,code snippet injection
