loc,length,bug type,approach
100,8,Re-entrancy,code snippet injection
91,7,Re-entrancy,code snippet injection
297,8,Re-entrancy,code snippet injection
284,8,Re-entrancy,code snippet injection
271,8,Re-entrancy,code snippet injection
258,8,Re-entrancy,code snippet injection
243,10,Re-entrancy,code snippet injection
229,9,Re-entrancy,code snippet injection
216,8,Re-entrancy,code snippet injection
196,8,Re-entrancy,code snippet injection
175,8,Re-entrancy,code snippet injection
161,8,Re-entrancy,code snippet injection
122,8,Re-entrancy,code snippet injection
82,6,Re-entrancy,code snippet injection
73,8,Re-entrancy,code snippet injection
64,8,Re-entrancy,code snippet injection
55,8,Re-entrancy,code snippet injection
46,8,Re-entrancy,code snippet injection
36,9,Re-entrancy,code snippet injection
27,8,Re-entrancy,code snippet injection
18,8,Re-entrancy,code snippet injection
11,6,Re-entrancy,code snippet injection
5,5,Re-entrancy,code snippet injection
