loc,length,bug type,approach
98,8,Re-entrancy,code snippet injection
90,7,Re-entrancy,code snippet injection
281,8,Re-entrancy,code snippet injection
269,8,Re-entrancy,code snippet injection
257,8,Re-entrancy,code snippet injection
245,8,Re-entrancy,code snippet injection
231,10,Re-entrancy,code snippet injection
218,9,Re-entrancy,code snippet injection
206,8,Re-entrancy,code snippet injection
187,8,Re-entrancy,code snippet injection
167,8,Re-entrancy,code snippet injection
155,8,Re-entrancy,code snippet injection
120,8,Re-entrancy,code snippet injection
82,6,Re-entrancy,code snippet injection
73,8,Re-entrancy,code snippet injection
64,8,Re-entrancy,code snippet injection
55,8,Re-entrancy,code snippet injection
46,8,Re-entrancy,code snippet injection
36,9,Re-entrancy,code snippet injection
27,8,Re-entrancy,code snippet injection
18,8,Re-entrancy,code snippet injection
11,6,Re-entrancy,code snippet injection
5,5,Re-entrancy,code snippet injection
