loc,length,bug type,approach
361,8,Re-entrancy,code snippet injection
296,7,Re-entrancy,code snippet injection
631,8,Re-entrancy,code snippet injection
615,8,Re-entrancy,code snippet injection
589,8,Re-entrancy,code snippet injection
577,8,Re-entrancy,code snippet injection
548,10,Re-entrancy,code snippet injection
521,9,Re-entrancy,code snippet injection
509,8,Re-entrancy,code snippet injection
485,8,Re-entrancy,code snippet injection
341,8,Re-entrancy,code snippet injection
313,8,Re-entrancy,code snippet injection
598,8,Re-entrancy,code snippet injection
467,6,Re-entrancy,code snippet injection
458,8,Re-entrancy,code snippet injection
449,8,Re-entrancy,code snippet injection
440,8,Re-entrancy,code snippet injection
430,8,Re-entrancy,code snippet injection
419,9,Re-entrancy,code snippet injection
409,8,Re-entrancy,code snippet injection
398,8,Re-entrancy,code snippet injection
390,6,Re-entrancy,code snippet injection
384,5,Re-entrancy,code snippet injection
372,9,Re-entrancy,code snippet injection
285,8,Re-entrancy,code snippet injection
