loc,length,bug type,approach
756,8,Re-entrancy,code snippet injection
748,7,Re-entrancy,code snippet injection
739,8,Re-entrancy,code snippet injection
730,8,Re-entrancy,code snippet injection
721,8,Re-entrancy,code snippet injection
712,8,Re-entrancy,code snippet injection
701,10,Re-entrancy,code snippet injection
691,9,Re-entrancy,code snippet injection
682,8,Re-entrancy,code snippet injection
634,8,Re-entrancy,code snippet injection
619,8,Re-entrancy,code snippet injection
603,8,Re-entrancy,code snippet injection
588,8,Re-entrancy,code snippet injection
575,6,Re-entrancy,code snippet injection
559,8,Re-entrancy,code snippet injection
543,8,Re-entrancy,code snippet injection
526,8,Re-entrancy,code snippet injection
507,8,Re-entrancy,code snippet injection
488,9,Re-entrancy,code snippet injection
456,8,Re-entrancy,code snippet injection
436,8,Re-entrancy,code snippet injection
415,6,Re-entrancy,code snippet injection
387,5,Re-entrancy,code snippet injection
367,9,Re-entrancy,code snippet injection
348,8,Re-entrancy,code snippet injection
310,7,Re-entrancy,code snippet injection
292,6,Re-entrancy,code snippet injection
263,7,Re-entrancy,code snippet injection
255,7,Re-entrancy,code snippet injection
246,8,Re-entrancy,code snippet injection
235,8,Re-entrancy,code snippet injection
226,8,Re-entrancy,code snippet injection
220,5,Re-entrancy,code snippet injection
211,8,Re-entrancy,code snippet injection
202,8,Re-entrancy,code snippet injection
192,9,Re-entrancy,code snippet injection
181,10,Re-entrancy,code snippet injection
175,5,Re-entrancy,code snippet injection
