loc,length,bug type,approach
322,8,Re-entrancy,code snippet injection
314,7,Re-entrancy,code snippet injection
305,8,Re-entrancy,code snippet injection
296,8,Re-entrancy,code snippet injection
287,8,Re-entrancy,code snippet injection
274,8,Re-entrancy,code snippet injection
259,10,Re-entrancy,code snippet injection
109,9,Re-entrancy,code snippet injection
812,8,Re-entrancy,code snippet injection
788,8,Re-entrancy,code snippet injection
739,8,Re-entrancy,code snippet injection
715,8,Re-entrancy,code snippet injection
698,8,Re-entrancy,code snippet injection
678,6,Re-entrancy,code snippet injection
641,8,Re-entrancy,code snippet injection
609,8,Re-entrancy,code snippet injection
580,8,Re-entrancy,code snippet injection
564,8,Re-entrancy,code snippet injection
531,9,Re-entrancy,code snippet injection
507,8,Re-entrancy,code snippet injection
474,8,Re-entrancy,code snippet injection
450,6,Re-entrancy,code snippet injection
431,5,Re-entrancy,code snippet injection
399,9,Re-entrancy,code snippet injection
376,8,Re-entrancy,code snippet injection
360,7,Re-entrancy,code snippet injection
152,6,Re-entrancy,code snippet injection
139,7,Re-entrancy,code snippet injection
123,7,Re-entrancy,code snippet injection
249,8,Re-entrancy,code snippet injection
239,8,Re-entrancy,code snippet injection
230,8,Re-entrancy,code snippet injection
223,5,Re-entrancy,code snippet injection
214,8,Re-entrancy,code snippet injection
205,8,Re-entrancy,code snippet injection
195,9,Re-entrancy,code snippet injection
184,10,Re-entrancy,code snippet injection
178,5,Re-entrancy,code snippet injection
99,8,Re-entrancy,code snippet injection
88,10,Re-entrancy,code snippet injection
