loc,length,bug type,approach
270,8,Re-entrancy,code snippet injection
262,7,Re-entrancy,code snippet injection
253,8,Re-entrancy,code snippet injection
244,8,Re-entrancy,code snippet injection
235,8,Re-entrancy,code snippet injection
74,8,Re-entrancy,code snippet injection
496,10,Re-entrancy,code snippet injection
477,9,Re-entrancy,code snippet injection
464,8,Re-entrancy,code snippet injection
446,8,Re-entrancy,code snippet injection
434,8,Re-entrancy,code snippet injection
419,8,Re-entrancy,code snippet injection
402,8,Re-entrancy,code snippet injection
387,6,Re-entrancy,code snippet injection
375,8,Re-entrancy,code snippet injection
363,8,Re-entrancy,code snippet injection
351,8,Re-entrancy,code snippet injection
338,8,Re-entrancy,code snippet injection
324,9,Re-entrancy,code snippet injection
304,8,Re-entrancy,code snippet injection
292,8,Re-entrancy,code snippet injection
283,6,Re-entrancy,code snippet injection
162,5,Re-entrancy,code snippet injection
143,9,Re-entrancy,code snippet injection
127,8,Re-entrancy,code snippet injection
105,7,Re-entrancy,code snippet injection
92,6,Re-entrancy,code snippet injection
214,7,Re-entrancy,code snippet injection
204,7,Re-entrancy,code snippet injection
193,8,Re-entrancy,code snippet injection
182,8,Re-entrancy,code snippet injection
172,8,Re-entrancy,code snippet injection
67,5,Re-entrancy,code snippet injection
