loc,length,bug type,approach
512,8,Re-entrancy,code snippet injection
58,7,Re-entrancy,code snippet injection
49,8,Re-entrancy,code snippet injection
888,8,Re-entrancy,code snippet injection
843,8,Re-entrancy,code snippet injection
815,8,Re-entrancy,code snippet injection
782,10,Re-entrancy,code snippet injection
767,9,Re-entrancy,code snippet injection
742,8,Re-entrancy,code snippet injection
730,8,Re-entrancy,code snippet injection
718,8,Re-entrancy,code snippet injection
707,8,Re-entrancy,code snippet injection
696,8,Re-entrancy,code snippet injection
685,6,Re-entrancy,code snippet injection
675,8,Re-entrancy,code snippet injection
641,8,Re-entrancy,code snippet injection
607,8,Re-entrancy,code snippet injection
588,8,Re-entrancy,code snippet injection
568,9,Re-entrancy,code snippet injection
539,8,Re-entrancy,code snippet injection
358,8,Re-entrancy,code snippet injection
351,6,Re-entrancy,code snippet injection
344,5,Re-entrancy,code snippet injection
334,9,Re-entrancy,code snippet injection
324,8,Re-entrancy,code snippet injection
316,7,Re-entrancy,code snippet injection
308,6,Re-entrancy,code snippet injection
300,7,Re-entrancy,code snippet injection
291,7,Re-entrancy,code snippet injection
282,8,Re-entrancy,code snippet injection
271,8,Re-entrancy,code snippet injection
262,8,Re-entrancy,code snippet injection
255,5,Re-entrancy,code snippet injection
246,8,Re-entrancy,code snippet injection
236,8,Re-entrancy,code snippet injection
226,9,Re-entrancy,code snippet injection
214,10,Re-entrancy,code snippet injection
208,5,Re-entrancy,code snippet injection
198,8,Re-entrancy,code snippet injection
187,10,Re-entrancy,code snippet injection
177,8,Re-entrancy,code snippet injection
167,9,Re-entrancy,code snippet injection
