loc,length,bug type,approach
139,8,Re-entrancy,code snippet injection
131,7,Re-entrancy,code snippet injection
306,8,Re-entrancy,code snippet injection
291,8,Re-entrancy,code snippet injection
275,8,Re-entrancy,code snippet injection
263,8,Re-entrancy,code snippet injection
249,10,Re-entrancy,code snippet injection
234,9,Re-entrancy,code snippet injection
220,8,Re-entrancy,code snippet injection
206,8,Re-entrancy,code snippet injection
188,8,Re-entrancy,code snippet injection
174,8,Re-entrancy,code snippet injection
156,8,Re-entrancy,code snippet injection
62,6,Re-entrancy,code snippet injection
53,8,Re-entrancy,code snippet injection
41,8,Re-entrancy,code snippet injection
28,8,Re-entrancy,code snippet injection
122,8,Re-entrancy,code snippet injection
112,9,Re-entrancy,code snippet injection
103,8,Re-entrancy,code snippet injection
94,8,Re-entrancy,code snippet injection
87,6,Re-entrancy,code snippet injection
81,5,Re-entrancy,code snippet injection
71,9,Re-entrancy,code snippet injection
16,8,Re-entrancy,code snippet injection
8,7,Re-entrancy,code snippet injection
