loc,length,bug type,approach
160,8,Re-entrancy,code snippet injection
152,7,Re-entrancy,code snippet injection
490,8,Re-entrancy,code snippet injection
478,8,Re-entrancy,code snippet injection
466,8,Re-entrancy,code snippet injection
448,8,Re-entrancy,code snippet injection
434,10,Re-entrancy,code snippet injection
421,9,Re-entrancy,code snippet injection
409,8,Re-entrancy,code snippet injection
389,8,Re-entrancy,code snippet injection
369,8,Re-entrancy,code snippet injection
352,8,Re-entrancy,code snippet injection
333,8,Re-entrancy,code snippet injection
319,6,Re-entrancy,code snippet injection
303,8,Re-entrancy,code snippet injection
288,8,Re-entrancy,code snippet injection
272,8,Re-entrancy,code snippet injection
260,8,Re-entrancy,code snippet injection
242,9,Re-entrancy,code snippet injection
225,8,Re-entrancy,code snippet injection
45,8,Re-entrancy,code snippet injection
176,6,Re-entrancy,code snippet injection
170,5,Re-entrancy,code snippet injection
141,9,Re-entrancy,code snippet injection
132,8,Re-entrancy,code snippet injection
124,7,Re-entrancy,code snippet injection
117,6,Re-entrancy,code snippet injection
109,7,Re-entrancy,code snippet injection
100,7,Re-entrancy,code snippet injection
91,8,Re-entrancy,code snippet injection
82,8,Re-entrancy,code snippet injection
73,8,Re-entrancy,code snippet injection
67,5,Re-entrancy,code snippet injection
58,8,Re-entrancy,code snippet injection
32,8,Re-entrancy,code snippet injection
