loc,length,bug type,approach
95,3,tx.origin,code snippet injection
17,4,tx.origin,code snippet injection
482,4,tx.origin,code snippet injection
474,4,tx.origin,code snippet injection
466,4,tx.origin,code snippet injection
458,4,tx.origin,code snippet injection
450,4,tx.origin,code snippet injection
442,4,tx.origin,code snippet injection
434,4,tx.origin,code snippet injection
426,4,tx.origin,code snippet injection
418,4,tx.origin,code snippet injection
410,4,tx.origin,code snippet injection
403,3,tx.origin,code snippet injection
395,4,tx.origin,code snippet injection
388,3,tx.origin,code snippet injection
380,4,tx.origin,code snippet injection
370,3,tx.origin,code snippet injection
359,4,tx.origin,code snippet injection
348,4,tx.origin,code snippet injection
337,4,tx.origin,code snippet injection
325,5,tx.origin,code snippet injection
315,3,tx.origin,code snippet injection
304,4,tx.origin,code snippet injection
251,4,tx.origin,code snippet injection
245,4,tx.origin,code snippet injection
239,4,tx.origin,code snippet injection
234,3,tx.origin,code snippet injection
228,4,tx.origin,code snippet injection
223,3,tx.origin,code snippet injection
216,5,tx.origin,code snippet injection
210,4,tx.origin,code snippet injection
204,4,tx.origin,code snippet injection
198,4,tx.origin,code snippet injection
192,4,tx.origin,code snippet injection
187,3,tx.origin,code snippet injection
181,4,tx.origin,code snippet injection
175,4,tx.origin,code snippet injection
167,3,tx.origin,code snippet injection
162,3,tx.origin,code snippet injection
156,4,tx.origin,code snippet injection
