loc,length,bug type,approach
386,3,tx.origin,code snippet injection
377,4,tx.origin,code snippet injection
369,4,tx.origin,code snippet injection
360,4,tx.origin,code snippet injection
351,4,tx.origin,code snippet injection
342,4,tx.origin,code snippet injection
334,4,tx.origin,code snippet injection
325,4,tx.origin,code snippet injection
218,4,tx.origin,code snippet injection
211,4,tx.origin,code snippet injection
204,4,tx.origin,code snippet injection
197,4,tx.origin,code snippet injection
170,3,tx.origin,code snippet injection
159,4,tx.origin,code snippet injection
149,3,tx.origin,code snippet injection
138,4,tx.origin,code snippet injection
126,3,tx.origin,code snippet injection
118,4,tx.origin,code snippet injection
110,4,tx.origin,code snippet injection
100,4,tx.origin,code snippet injection
91,5,tx.origin,code snippet injection
85,3,tx.origin,code snippet injection
76,4,tx.origin,code snippet injection
69,4,tx.origin,code snippet injection
40,4,tx.origin,code snippet injection
31,4,tx.origin,code snippet injection
314,3,tx.origin,code snippet injection
309,4,tx.origin,code snippet injection
186,3,tx.origin,code snippet injection
180,5,tx.origin,code snippet injection
175,4,tx.origin,code snippet injection
61,4,tx.origin,code snippet injection
55,4,tx.origin,code snippet injection
49,4,tx.origin,code snippet injection
