loc,length,bug type,approach
207,3,tx.origin,code snippet injection
202,4,tx.origin,code snippet injection
197,4,tx.origin,code snippet injection
192,4,tx.origin,code snippet injection
187,4,tx.origin,code snippet injection
182,4,tx.origin,code snippet injection
377,4,tx.origin,code snippet injection
368,4,tx.origin,code snippet injection
337,4,tx.origin,code snippet injection
324,4,tx.origin,code snippet injection
309,4,tx.origin,code snippet injection
292,4,tx.origin,code snippet injection
281,3,tx.origin,code snippet injection
268,4,tx.origin,code snippet injection
263,3,tx.origin,code snippet injection
248,4,tx.origin,code snippet injection
243,3,tx.origin,code snippet injection
238,4,tx.origin,code snippet injection
233,4,tx.origin,code snippet injection
228,4,tx.origin,code snippet injection
221,5,tx.origin,code snippet injection
217,3,tx.origin,code snippet injection
212,4,tx.origin,code snippet injection
