loc,length,bug type,approach
297,3,tx.origin,code snippet injection
291,4,tx.origin,code snippet injection
285,4,tx.origin,code snippet injection
279,4,tx.origin,code snippet injection
184,4,tx.origin,code snippet injection
178,4,tx.origin,code snippet injection
429,4,tx.origin,code snippet injection
418,4,tx.origin,code snippet injection
407,4,tx.origin,code snippet injection
393,4,tx.origin,code snippet injection
378,4,tx.origin,code snippet injection
353,4,tx.origin,code snippet injection
341,3,tx.origin,code snippet injection
323,4,tx.origin,code snippet injection
316,3,tx.origin,code snippet injection
307,4,tx.origin,code snippet injection
224,3,tx.origin,code snippet injection
213,4,tx.origin,code snippet injection
203,4,tx.origin,code snippet injection
271,4,tx.origin,code snippet injection
265,5,tx.origin,code snippet injection
261,3,tx.origin,code snippet injection
255,4,tx.origin,code snippet injection
250,4,tx.origin,code snippet injection
170,4,tx.origin,code snippet injection
165,4,tx.origin,code snippet injection
