loc,length,bug type,approach
176,3,tx.origin,code snippet injection
171,4,tx.origin,code snippet injection
165,4,tx.origin,code snippet injection
160,4,tx.origin,code snippet injection
155,4,tx.origin,code snippet injection
576,4,tx.origin,code snippet injection
568,4,tx.origin,code snippet injection
560,4,tx.origin,code snippet injection
548,4,tx.origin,code snippet injection
538,4,tx.origin,code snippet injection
522,4,tx.origin,code snippet injection
512,4,tx.origin,code snippet injection
503,3,tx.origin,code snippet injection
494,4,tx.origin,code snippet injection
486,3,tx.origin,code snippet injection
472,4,tx.origin,code snippet injection
398,3,tx.origin,code snippet injection
380,4,tx.origin,code snippet injection
347,4,tx.origin,code snippet injection
332,4,tx.origin,code snippet injection
259,5,tx.origin,code snippet injection
221,3,tx.origin,code snippet injection
186,4,tx.origin,code snippet injection
148,4,tx.origin,code snippet injection
142,4,tx.origin,code snippet injection
119,4,tx.origin,code snippet injection
115,3,tx.origin,code snippet injection
110,4,tx.origin,code snippet injection
106,3,tx.origin,code snippet injection
100,5,tx.origin,code snippet injection
92,4,tx.origin,code snippet injection
87,4,tx.origin,code snippet injection
81,4,tx.origin,code snippet injection
76,4,tx.origin,code snippet injection
72,3,tx.origin,code snippet injection
65,4,tx.origin,code snippet injection
60,4,tx.origin,code snippet injection
55,3,tx.origin,code snippet injection
50,3,tx.origin,code snippet injection
42,4,tx.origin,code snippet injection
