loc,length,bug type,approach
150,3,tx.origin,code snippet injection
145,4,tx.origin,code snippet injection
69,4,tx.origin,code snippet injection
60,4,tx.origin,code snippet injection
413,4,tx.origin,code snippet injection
398,4,tx.origin,code snippet injection
389,4,tx.origin,code snippet injection
377,4,tx.origin,code snippet injection
368,4,tx.origin,code snippet injection
358,4,tx.origin,code snippet injection
349,4,tx.origin,code snippet injection
319,4,tx.origin,code snippet injection
299,3,tx.origin,code snippet injection
285,4,tx.origin,code snippet injection
273,3,tx.origin,code snippet injection
264,4,tx.origin,code snippet injection
256,3,tx.origin,code snippet injection
243,4,tx.origin,code snippet injection
228,4,tx.origin,code snippet injection
219,4,tx.origin,code snippet injection
206,5,tx.origin,code snippet injection
192,3,tx.origin,code snippet injection
184,4,tx.origin,code snippet injection
176,4,tx.origin,code snippet injection
60,4,tx.origin,code snippet injection
55,4,tx.origin,code snippet injection
51,3,tx.origin,code snippet injection
46,4,tx.origin,code snippet injection
42,3,tx.origin,code snippet injection
36,5,tx.origin,code snippet injection
139,4,tx.origin,code snippet injection
134,4,tx.origin,code snippet injection
128,4,tx.origin,code snippet injection
123,4,tx.origin,code snippet injection
117,3,tx.origin,code snippet injection
112,4,tx.origin,code snippet injection
107,4,tx.origin,code snippet injection
103,3,tx.origin,code snippet injection
99,3,tx.origin,code snippet injection
92,4,tx.origin,code snippet injection
