loc,length,bug type,approach
410,3,tx.origin,code snippet injection
405,4,tx.origin,code snippet injection
400,4,tx.origin,code snippet injection
395,4,tx.origin,code snippet injection
390,4,tx.origin,code snippet injection
385,4,tx.origin,code snippet injection
380,4,tx.origin,code snippet injection
890,4,tx.origin,code snippet injection
878,4,tx.origin,code snippet injection
870,4,tx.origin,code snippet injection
859,4,tx.origin,code snippet injection
850,4,tx.origin,code snippet injection
842,3,tx.origin,code snippet injection
832,4,tx.origin,code snippet injection
816,3,tx.origin,code snippet injection
788,4,tx.origin,code snippet injection
770,3,tx.origin,code snippet injection
760,4,tx.origin,code snippet injection
735,4,tx.origin,code snippet injection
711,4,tx.origin,code snippet injection
657,5,tx.origin,code snippet injection
635,3,tx.origin,code snippet injection
614,4,tx.origin,code snippet injection
592,4,tx.origin,code snippet injection
576,4,tx.origin,code snippet injection
565,4,tx.origin,code snippet injection
546,3,tx.origin,code snippet injection
531,4,tx.origin,code snippet injection
524,3,tx.origin,code snippet injection
515,5,tx.origin,code snippet injection
504,4,tx.origin,code snippet injection
493,4,tx.origin,code snippet injection
472,4,tx.origin,code snippet injection
460,4,tx.origin,code snippet injection
450,3,tx.origin,code snippet injection
373,4,tx.origin,code snippet injection
349,4,tx.origin,code snippet injection
344,3,tx.origin,code snippet injection
340,3,tx.origin,code snippet injection
334,4,tx.origin,code snippet injection
