loc,length,bug type,approach
217,3,tx.origin,code snippet injection
212,4,tx.origin,code snippet injection
207,4,tx.origin,code snippet injection
202,4,tx.origin,code snippet injection
197,4,tx.origin,code snippet injection
192,4,tx.origin,code snippet injection
777,4,tx.origin,code snippet injection
766,4,tx.origin,code snippet injection
740,4,tx.origin,code snippet injection
730,4,tx.origin,code snippet injection
720,4,tx.origin,code snippet injection
710,4,tx.origin,code snippet injection
699,3,tx.origin,code snippet injection
660,4,tx.origin,code snippet injection
522,3,tx.origin,code snippet injection
511,4,tx.origin,code snippet injection
502,3,tx.origin,code snippet injection
491,4,tx.origin,code snippet injection
477,4,tx.origin,code snippet injection
462,4,tx.origin,code snippet injection
452,5,tx.origin,code snippet injection
444,3,tx.origin,code snippet injection
434,4,tx.origin,code snippet injection
424,4,tx.origin,code snippet injection
415,4,tx.origin,code snippet injection
395,4,tx.origin,code snippet injection
385,3,tx.origin,code snippet injection
367,4,tx.origin,code snippet injection
330,3,tx.origin,code snippet injection
324,5,tx.origin,code snippet injection
317,4,tx.origin,code snippet injection
310,4,tx.origin,code snippet injection
305,4,tx.origin,code snippet injection
300,4,tx.origin,code snippet injection
296,3,tx.origin,code snippet injection
291,4,tx.origin,code snippet injection
285,4,tx.origin,code snippet injection
281,3,tx.origin,code snippet injection
277,3,tx.origin,code snippet injection
272,4,tx.origin,code snippet injection
