loc,length,bug type,approach
59,3,tx.origin,code snippet injection
54,4,tx.origin,code snippet injection
192,4,tx.origin,code snippet injection
184,4,tx.origin,code snippet injection
176,4,tx.origin,code snippet injection
168,4,tx.origin,code snippet injection
160,4,tx.origin,code snippet injection
152,4,tx.origin,code snippet injection
144,4,tx.origin,code snippet injection
129,4,tx.origin,code snippet injection
113,4,tx.origin,code snippet injection
105,4,tx.origin,code snippet injection
76,3,tx.origin,code snippet injection
48,4,tx.origin,code snippet injection
44,3,tx.origin,code snippet injection
39,4,tx.origin,code snippet injection
35,3,tx.origin,code snippet injection
30,4,tx.origin,code snippet injection
25,4,tx.origin,code snippet injection
20,4,tx.origin,code snippet injection
14,5,tx.origin,code snippet injection
10,3,tx.origin,code snippet injection
5,4,tx.origin,code snippet injection
