loc,length,bug type,approach
841,3,tx.origin,code snippet injection
835,4,tx.origin,code snippet injection
828,4,tx.origin,code snippet injection
821,4,tx.origin,code snippet injection
814,4,tx.origin,code snippet injection
807,4,tx.origin,code snippet injection
800,4,tx.origin,code snippet injection
793,4,tx.origin,code snippet injection
786,4,tx.origin,code snippet injection
779,4,tx.origin,code snippet injection
772,4,tx.origin,code snippet injection
765,4,tx.origin,code snippet injection
759,3,tx.origin,code snippet injection
752,4,tx.origin,code snippet injection
746,3,tx.origin,code snippet injection
739,4,tx.origin,code snippet injection
733,3,tx.origin,code snippet injection
596,4,tx.origin,code snippet injection
589,4,tx.origin,code snippet injection
1609,4,tx.origin,code snippet injection
1598,5,tx.origin,code snippet injection
1586,3,tx.origin,code snippet injection
1560,4,tx.origin,code snippet injection
1545,4,tx.origin,code snippet injection
1509,4,tx.origin,code snippet injection
1490,4,tx.origin,code snippet injection
1477,3,tx.origin,code snippet injection
1463,4,tx.origin,code snippet injection
1449,3,tx.origin,code snippet injection
1426,5,tx.origin,code snippet injection
1412,4,tx.origin,code snippet injection
1391,4,tx.origin,code snippet injection
1375,4,tx.origin,code snippet injection
1359,4,tx.origin,code snippet injection
1346,3,tx.origin,code snippet injection
1335,4,tx.origin,code snippet injection
1312,4,tx.origin,code snippet injection
1292,3,tx.origin,code snippet injection
1273,3,tx.origin,code snippet injection
1259,4,tx.origin,code snippet injection
