loc,length,bug type,approach
1515,3,tx.origin,code snippet injection
1506,4,tx.origin,code snippet injection
1495,4,tx.origin,code snippet injection
1484,4,tx.origin,code snippet injection
1473,4,tx.origin,code snippet injection
1462,4,tx.origin,code snippet injection
1451,4,tx.origin,code snippet injection
1440,4,tx.origin,code snippet injection
1432,4,tx.origin,code snippet injection
1424,4,tx.origin,code snippet injection
1227,4,tx.origin,code snippet injection
1118,4,tx.origin,code snippet injection
1110,3,tx.origin,code snippet injection
1101,4,tx.origin,code snippet injection
1093,3,tx.origin,code snippet injection
768,4,tx.origin,code snippet injection
749,3,tx.origin,code snippet injection
734,4,tx.origin,code snippet injection
709,4,tx.origin,code snippet injection
684,4,tx.origin,code snippet injection
660,5,tx.origin,code snippet injection
632,3,tx.origin,code snippet injection
609,4,tx.origin,code snippet injection
588,4,tx.origin,code snippet injection
566,4,tx.origin,code snippet injection
550,4,tx.origin,code snippet injection
540,3,tx.origin,code snippet injection
523,4,tx.origin,code snippet injection
513,3,tx.origin,code snippet injection
501,5,tx.origin,code snippet injection
480,4,tx.origin,code snippet injection
468,4,tx.origin,code snippet injection
457,4,tx.origin,code snippet injection
261,4,tx.origin,code snippet injection
253,3,tx.origin,code snippet injection
1010,4,tx.origin,code snippet injection
1004,4,tx.origin,code snippet injection
1000,3,tx.origin,code snippet injection
995,3,tx.origin,code snippet injection
990,4,tx.origin,code snippet injection
