loc,length,bug type,approach
217,3,tx.origin,code snippet injection
212,4,tx.origin,code snippet injection
207,4,tx.origin,code snippet injection
202,4,tx.origin,code snippet injection
197,4,tx.origin,code snippet injection
192,4,tx.origin,code snippet injection
784,4,tx.origin,code snippet injection
773,4,tx.origin,code snippet injection
747,4,tx.origin,code snippet injection
737,4,tx.origin,code snippet injection
727,4,tx.origin,code snippet injection
717,4,tx.origin,code snippet injection
706,3,tx.origin,code snippet injection
667,4,tx.origin,code snippet injection
529,3,tx.origin,code snippet injection
518,4,tx.origin,code snippet injection
509,3,tx.origin,code snippet injection
498,4,tx.origin,code snippet injection
484,4,tx.origin,code snippet injection
469,4,tx.origin,code snippet injection
457,5,tx.origin,code snippet injection
449,3,tx.origin,code snippet injection
440,4,tx.origin,code snippet injection
430,4,tx.origin,code snippet injection
420,4,tx.origin,code snippet injection
411,4,tx.origin,code snippet injection
392,3,tx.origin,code snippet injection
381,4,tx.origin,code snippet injection
364,3,tx.origin,code snippet injection
325,5,tx.origin,code snippet injection
320,4,tx.origin,code snippet injection
313,4,tx.origin,code snippet injection
306,4,tx.origin,code snippet injection
301,4,tx.origin,code snippet injection
297,3,tx.origin,code snippet injection
292,4,tx.origin,code snippet injection
287,4,tx.origin,code snippet injection
282,3,tx.origin,code snippet injection
278,3,tx.origin,code snippet injection
273,4,tx.origin,code snippet injection
