loc,length,bug type,approach
1070,3,tx.origin,code snippet injection
1059,4,tx.origin,code snippet injection
944,4,tx.origin,code snippet injection
932,4,tx.origin,code snippet injection
99,4,tx.origin,code snippet injection
1305,4,tx.origin,code snippet injection
1297,4,tx.origin,code snippet injection
1289,4,tx.origin,code snippet injection
1281,4,tx.origin,code snippet injection
1261,4,tx.origin,code snippet injection
1247,4,tx.origin,code snippet injection
1210,4,tx.origin,code snippet injection
1192,3,tx.origin,code snippet injection
1178,4,tx.origin,code snippet injection
1158,3,tx.origin,code snippet injection
1130,4,tx.origin,code snippet injection
1114,3,tx.origin,code snippet injection
1095,4,tx.origin,code snippet injection
1009,4,tx.origin,code snippet injection
988,4,tx.origin,code snippet injection
966,5,tx.origin,code snippet injection
913,3,tx.origin,code snippet injection
898,4,tx.origin,code snippet injection
877,4,tx.origin,code snippet injection
856,4,tx.origin,code snippet injection
831,4,tx.origin,code snippet injection
807,3,tx.origin,code snippet injection
784,4,tx.origin,code snippet injection
756,3,tx.origin,code snippet injection
732,5,tx.origin,code snippet injection
711,4,tx.origin,code snippet injection
689,4,tx.origin,code snippet injection
673,4,tx.origin,code snippet injection
662,4,tx.origin,code snippet injection
646,3,tx.origin,code snippet injection
635,4,tx.origin,code snippet injection
624,4,tx.origin,code snippet injection
604,3,tx.origin,code snippet injection
595,3,tx.origin,code snippet injection
245,4,tx.origin,code snippet injection
