loc,length,bug type,approach
200,3,tx.origin,code snippet injection
195,4,tx.origin,code snippet injection
190,4,tx.origin,code snippet injection
523,4,tx.origin,code snippet injection
512,4,tx.origin,code snippet injection
484,4,tx.origin,code snippet injection
470,4,tx.origin,code snippet injection
451,4,tx.origin,code snippet injection
432,4,tx.origin,code snippet injection
406,4,tx.origin,code snippet injection
392,4,tx.origin,code snippet injection
382,4,tx.origin,code snippet injection
375,3,tx.origin,code snippet injection
365,4,tx.origin,code snippet injection
358,3,tx.origin,code snippet injection
348,4,tx.origin,code snippet injection
341,3,tx.origin,code snippet injection
331,4,tx.origin,code snippet injection
319,4,tx.origin,code snippet injection
290,4,tx.origin,code snippet injection
276,5,tx.origin,code snippet injection
256,3,tx.origin,code snippet injection
250,4,tx.origin,code snippet injection
244,4,tx.origin,code snippet injection
239,4,tx.origin,code snippet injection
234,4,tx.origin,code snippet injection
228,3,tx.origin,code snippet injection
222,4,tx.origin,code snippet injection
218,3,tx.origin,code snippet injection
212,5,tx.origin,code snippet injection
207,4,tx.origin,code snippet injection
