loc,length,bug type,approach
371,3,tx.origin,code snippet injection
362,4,tx.origin,code snippet injection
353,4,tx.origin,code snippet injection
344,4,tx.origin,code snippet injection
336,4,tx.origin,code snippet injection
327,4,tx.origin,code snippet injection
222,4,tx.origin,code snippet injection
215,4,tx.origin,code snippet injection
208,4,tx.origin,code snippet injection
201,4,tx.origin,code snippet injection
175,4,tx.origin,code snippet injection
164,4,tx.origin,code snippet injection
154,3,tx.origin,code snippet injection
143,4,tx.origin,code snippet injection
132,3,tx.origin,code snippet injection
124,4,tx.origin,code snippet injection
117,3,tx.origin,code snippet injection
108,4,tx.origin,code snippet injection
100,4,tx.origin,code snippet injection
93,4,tx.origin,code snippet injection
84,5,tx.origin,code snippet injection
78,3,tx.origin,code snippet injection
48,4,tx.origin,code snippet injection
39,4,tx.origin,code snippet injection
317,4,tx.origin,code snippet injection
312,4,tx.origin,code snippet injection
190,3,tx.origin,code snippet injection
185,4,tx.origin,code snippet injection
181,3,tx.origin,code snippet injection
69,5,tx.origin,code snippet injection
63,4,tx.origin,code snippet injection
57,4,tx.origin,code snippet injection
