loc,length,bug type,approach
461,3,tx.origin,code snippet injection
447,4,tx.origin,code snippet injection
433,4,tx.origin,code snippet injection
419,4,tx.origin,code snippet injection
405,4,tx.origin,code snippet injection
396,4,tx.origin,code snippet injection
354,4,tx.origin,code snippet injection
336,4,tx.origin,code snippet injection
270,4,tx.origin,code snippet injection
250,4,tx.origin,code snippet injection
215,4,tx.origin,code snippet injection
204,4,tx.origin,code snippet injection
195,3,tx.origin,code snippet injection
186,4,tx.origin,code snippet injection
179,3,tx.origin,code snippet injection
164,4,tx.origin,code snippet injection
160,3,tx.origin,code snippet injection
