loc,length,bug type,approach
208,3,tx.origin,code snippet injection
203,4,tx.origin,code snippet injection
198,4,tx.origin,code snippet injection
193,4,tx.origin,code snippet injection
511,4,tx.origin,code snippet injection
500,4,tx.origin,code snippet injection
473,4,tx.origin,code snippet injection
460,4,tx.origin,code snippet injection
441,4,tx.origin,code snippet injection
419,4,tx.origin,code snippet injection
394,4,tx.origin,code snippet injection
380,4,tx.origin,code snippet injection
368,3,tx.origin,code snippet injection
360,4,tx.origin,code snippet injection
350,3,tx.origin,code snippet injection
342,4,tx.origin,code snippet injection
334,3,tx.origin,code snippet injection
324,4,tx.origin,code snippet injection
315,4,tx.origin,code snippet injection
305,4,tx.origin,code snippet injection
280,5,tx.origin,code snippet injection
269,3,tx.origin,code snippet injection
248,4,tx.origin,code snippet injection
242,4,tx.origin,code snippet injection
237,4,tx.origin,code snippet injection
230,4,tx.origin,code snippet injection
225,3,tx.origin,code snippet injection
219,4,tx.origin,code snippet injection
215,3,tx.origin,code snippet injection
