loc,length,bug type,approach
1016,3,tx.origin,code snippet injection
839,4,tx.origin,code snippet injection
710,4,tx.origin,code snippet injection
663,4,tx.origin,code snippet injection
623,4,tx.origin,code snippet injection
591,4,tx.origin,code snippet injection
550,4,tx.origin,code snippet injection
511,4,tx.origin,code snippet injection
482,4,tx.origin,code snippet injection
384,4,tx.origin,code snippet injection
225,4,tx.origin,code snippet injection
212,4,tx.origin,code snippet injection
207,3,tx.origin,code snippet injection
1255,4,tx.origin,code snippet injection
1184,3,tx.origin,code snippet injection
1091,4,tx.origin,code snippet injection
1051,3,tx.origin,code snippet injection
998,4,tx.origin,code snippet injection
968,4,tx.origin,code snippet injection
938,4,tx.origin,code snippet injection
889,5,tx.origin,code snippet injection
882,3,tx.origin,code snippet injection
724,4,tx.origin,code snippet injection
647,4,tx.origin,code snippet injection
612,4,tx.origin,code snippet injection
569,4,tx.origin,code snippet injection
539,3,tx.origin,code snippet injection
499,4,tx.origin,code snippet injection
452,3,tx.origin,code snippet injection
441,5,tx.origin,code snippet injection
421,4,tx.origin,code snippet injection
413,4,tx.origin,code snippet injection
366,4,tx.origin,code snippet injection
347,4,tx.origin,code snippet injection
323,3,tx.origin,code snippet injection
311,4,tx.origin,code snippet injection
286,4,tx.origin,code snippet injection
268,3,tx.origin,code snippet injection
261,3,tx.origin,code snippet injection
200,4,tx.origin,code snippet injection
