loc,length,bug type,approach
837,3,tx.origin,code snippet injection
830,4,tx.origin,code snippet injection
823,4,tx.origin,code snippet injection
169,4,tx.origin,code snippet injection
162,4,tx.origin,code snippet injection
155,4,tx.origin,code snippet injection
1583,4,tx.origin,code snippet injection
1565,4,tx.origin,code snippet injection
1543,4,tx.origin,code snippet injection
1521,4,tx.origin,code snippet injection
1499,4,tx.origin,code snippet injection
1477,4,tx.origin,code snippet injection
1456,3,tx.origin,code snippet injection
1426,4,tx.origin,code snippet injection
1397,3,tx.origin,code snippet injection
1367,4,tx.origin,code snippet injection
1338,3,tx.origin,code snippet injection
1307,4,tx.origin,code snippet injection
1285,4,tx.origin,code snippet injection
1264,4,tx.origin,code snippet injection
1222,5,tx.origin,code snippet injection
1182,3,tx.origin,code snippet injection
1141,4,tx.origin,code snippet injection
1100,4,tx.origin,code snippet injection
1058,4,tx.origin,code snippet injection
1044,4,tx.origin,code snippet injection
1031,3,tx.origin,code snippet injection
1017,4,tx.origin,code snippet injection
1004,3,tx.origin,code snippet injection
989,5,tx.origin,code snippet injection
975,4,tx.origin,code snippet injection
961,4,tx.origin,code snippet injection
859,4,tx.origin,code snippet injection
778,4,tx.origin,code snippet injection
764,3,tx.origin,code snippet injection
742,4,tx.origin,code snippet injection
413,4,tx.origin,code snippet injection
393,3,tx.origin,code snippet injection
377,3,tx.origin,code snippet injection
362,4,tx.origin,code snippet injection
