loc,length,bug type,approach
86,3,tx.origin,code snippet injection
81,4,tx.origin,code snippet injection
41,4,tx.origin,code snippet injection
250,4,tx.origin,code snippet injection
245,4,tx.origin,code snippet injection
234,4,tx.origin,code snippet injection
220,4,tx.origin,code snippet injection
207,4,tx.origin,code snippet injection
199,4,tx.origin,code snippet injection
191,4,tx.origin,code snippet injection
182,4,tx.origin,code snippet injection
174,4,tx.origin,code snippet injection
168,3,tx.origin,code snippet injection
160,4,tx.origin,code snippet injection
154,3,tx.origin,code snippet injection
146,4,tx.origin,code snippet injection
96,3,tx.origin,code snippet injection
73,4,tx.origin,code snippet injection
63,4,tx.origin,code snippet injection
50,4,tx.origin,code snippet injection
23,5,tx.origin,code snippet injection
16,3,tx.origin,code snippet injection
9,4,tx.origin,code snippet injection
136,4,tx.origin,code snippet injection
130,4,tx.origin,code snippet injection
125,4,tx.origin,code snippet injection
121,3,tx.origin,code snippet injection
116,4,tx.origin,code snippet injection
111,3,tx.origin,code snippet injection
104,5,tx.origin,code snippet injection
34,4,tx.origin,code snippet injection
29,4,tx.origin,code snippet injection
