loc,length,bug type,approach
108,3,tx.origin,code snippet injection
103,4,tx.origin,code snippet injection
45,4,tx.origin,code snippet injection
239,4,tx.origin,code snippet injection
228,4,tx.origin,code snippet injection
215,4,tx.origin,code snippet injection
205,4,tx.origin,code snippet injection
195,4,tx.origin,code snippet injection
185,4,tx.origin,code snippet injection
178,4,tx.origin,code snippet injection
138,4,tx.origin,code snippet injection
124,4,tx.origin,code snippet injection
76,3,tx.origin,code snippet injection
62,4,tx.origin,code snippet injection
167,3,tx.origin,code snippet injection
161,4,tx.origin,code snippet injection
90,3,tx.origin,code snippet injection
39,4,tx.origin,code snippet injection
