loc,length,bug type,approach
524,3,tx.origin,code snippet injection
495,4,tx.origin,code snippet injection
486,4,tx.origin,code snippet injection
474,4,tx.origin,code snippet injection
464,4,tx.origin,code snippet injection
454,4,tx.origin,code snippet injection
444,4,tx.origin,code snippet injection
434,4,tx.origin,code snippet injection
425,4,tx.origin,code snippet injection
416,4,tx.origin,code snippet injection
407,4,tx.origin,code snippet injection
396,4,tx.origin,code snippet injection
384,3,tx.origin,code snippet injection
374,4,tx.origin,code snippet injection
360,3,tx.origin,code snippet injection
346,4,tx.origin,code snippet injection
329,3,tx.origin,code snippet injection
320,4,tx.origin,code snippet injection
310,4,tx.origin,code snippet injection
299,4,tx.origin,code snippet injection
288,5,tx.origin,code snippet injection
269,3,tx.origin,code snippet injection
255,4,tx.origin,code snippet injection
248,4,tx.origin,code snippet injection
234,4,tx.origin,code snippet injection
227,4,tx.origin,code snippet injection
221,3,tx.origin,code snippet injection
213,4,tx.origin,code snippet injection
200,3,tx.origin,code snippet injection
177,5,tx.origin,code snippet injection
167,4,tx.origin,code snippet injection
159,4,tx.origin,code snippet injection
101,4,tx.origin,code snippet injection
96,4,tx.origin,code snippet injection
92,3,tx.origin,code snippet injection
