loc,length,bug type,approach
259,3,tx.origin,code snippet injection
254,4,tx.origin,code snippet injection
249,4,tx.origin,code snippet injection
100,4,tx.origin,code snippet injection
95,4,tx.origin,code snippet injection
309,4,tx.origin,code snippet injection
298,4,tx.origin,code snippet injection
241,4,tx.origin,code snippet injection
225,4,tx.origin,code snippet injection
212,4,tx.origin,code snippet injection
197,4,tx.origin,code snippet injection
179,4,tx.origin,code snippet injection
164,3,tx.origin,code snippet injection
130,4,tx.origin,code snippet injection
126,3,tx.origin,code snippet injection
121,4,tx.origin,code snippet injection
117,3,tx.origin,code snippet injection
112,4,tx.origin,code snippet injection
89,4,tx.origin,code snippet injection
76,4,tx.origin,code snippet injection
51,5,tx.origin,code snippet injection
284,3,tx.origin,code snippet injection
279,4,tx.origin,code snippet injection
274,4,tx.origin,code snippet injection
269,4,tx.origin,code snippet injection
150,4,tx.origin,code snippet injection
146,3,tx.origin,code snippet injection
141,4,tx.origin,code snippet injection
39,3,tx.origin,code snippet injection
33,5,tx.origin,code snippet injection
