loc,length,bug type,approach
14,3,tx.origin,code snippet injection
152,4,tx.origin,code snippet injection
133,4,tx.origin,code snippet injection
123,4,tx.origin,code snippet injection
115,4,tx.origin,code snippet injection
64,4,tx.origin,code snippet injection
54,4,tx.origin,code snippet injection
44,4,tx.origin,code snippet injection
29,4,tx.origin,code snippet injection
22,4,tx.origin,code snippet injection
99,4,tx.origin,code snippet injection
86,4,tx.origin,code snippet injection
81,3,tx.origin,code snippet injection
76,4,tx.origin,code snippet injection
72,3,tx.origin,code snippet injection
8,4,tx.origin,code snippet injection
4,3,tx.origin,code snippet injection
