loc,length,bug type,approach
348,3,tx.origin,code snippet injection
343,4,tx.origin,code snippet injection
459,4,tx.origin,code snippet injection
451,4,tx.origin,code snippet injection
436,4,tx.origin,code snippet injection
427,4,tx.origin,code snippet injection
418,4,tx.origin,code snippet injection
399,4,tx.origin,code snippet injection
378,4,tx.origin,code snippet injection
356,4,tx.origin,code snippet injection
337,4,tx.origin,code snippet injection
332,4,tx.origin,code snippet injection
328,3,tx.origin,code snippet injection
323,4,tx.origin,code snippet injection
319,3,tx.origin,code snippet injection
314,4,tx.origin,code snippet injection
310,3,tx.origin,code snippet injection
305,4,tx.origin,code snippet injection
299,4,tx.origin,code snippet injection
294,4,tx.origin,code snippet injection
