loc,length,bug type,approach
123,3,tx.origin,code snippet injection
111,4,tx.origin,code snippet injection
98,4,tx.origin,code snippet injection
86,4,tx.origin,code snippet injection
71,4,tx.origin,code snippet injection
62,4,tx.origin,code snippet injection
48,4,tx.origin,code snippet injection
53,4,tx.origin,code snippet injection
39,4,tx.origin,code snippet injection
34,4,tx.origin,code snippet injection
29,4,tx.origin,code snippet injection
14,4,tx.origin,code snippet injection
10,3,tx.origin,code snippet injection
