loc,length,bug type,approach
431,3,tx.origin,code snippet injection
423,4,tx.origin,code snippet injection
414,4,tx.origin,code snippet injection
406,4,tx.origin,code snippet injection
398,4,tx.origin,code snippet injection
302,4,tx.origin,code snippet injection
295,4,tx.origin,code snippet injection
288,4,tx.origin,code snippet injection
281,4,tx.origin,code snippet injection
253,4,tx.origin,code snippet injection
239,4,tx.origin,code snippet injection
227,4,tx.origin,code snippet injection
216,3,tx.origin,code snippet injection
171,4,tx.origin,code snippet injection
164,3,tx.origin,code snippet injection
156,4,tx.origin,code snippet injection
148,3,tx.origin,code snippet injection
140,4,tx.origin,code snippet injection
133,4,tx.origin,code snippet injection
125,4,tx.origin,code snippet injection
117,5,tx.origin,code snippet injection
58,3,tx.origin,code snippet injection
49,4,tx.origin,code snippet injection
269,4,tx.origin,code snippet injection
264,4,tx.origin,code snippet injection
259,4,tx.origin,code snippet injection
110,3,tx.origin,code snippet injection
104,4,tx.origin,code snippet injection
99,3,tx.origin,code snippet injection
92,5,tx.origin,code snippet injection
87,4,tx.origin,code snippet injection
82,4,tx.origin,code snippet injection
77,4,tx.origin,code snippet injection
71,4,tx.origin,code snippet injection
66,3,tx.origin,code snippet injection
