loc,length,bug type,approach
414,3,tx.origin,code snippet injection
409,4,tx.origin,code snippet injection
404,4,tx.origin,code snippet injection
399,4,tx.origin,code snippet injection
394,4,tx.origin,code snippet injection
389,4,tx.origin,code snippet injection
593,4,tx.origin,code snippet injection
583,4,tx.origin,code snippet injection
574,4,tx.origin,code snippet injection
543,4,tx.origin,code snippet injection
530,4,tx.origin,code snippet injection
515,4,tx.origin,code snippet injection
499,3,tx.origin,code snippet injection
487,4,tx.origin,code snippet injection
475,3,tx.origin,code snippet injection
469,4,tx.origin,code snippet injection
456,3,tx.origin,code snippet injection
450,4,tx.origin,code snippet injection
445,4,tx.origin,code snippet injection
440,4,tx.origin,code snippet injection
434,5,tx.origin,code snippet injection
429,3,tx.origin,code snippet injection
424,4,tx.origin,code snippet injection
419,4,tx.origin,code snippet injection
