loc,length,bug type,approach
262,3,tx.origin,code snippet injection
247,4,tx.origin,code snippet injection
237,4,tx.origin,code snippet injection
227,4,tx.origin,code snippet injection
208,4,tx.origin,code snippet injection
190,4,tx.origin,code snippet injection
179,4,tx.origin,code snippet injection
171,4,tx.origin,code snippet injection
163,4,tx.origin,code snippet injection
153,4,tx.origin,code snippet injection
141,4,tx.origin,code snippet injection
132,4,tx.origin,code snippet injection
125,3,tx.origin,code snippet injection
107,4,tx.origin,code snippet injection
103,3,tx.origin,code snippet injection
98,4,tx.origin,code snippet injection
94,3,tx.origin,code snippet injection
89,4,tx.origin,code snippet injection
82,4,tx.origin,code snippet injection
77,4,tx.origin,code snippet injection
71,5,tx.origin,code snippet injection
67,3,tx.origin,code snippet injection
