loc,length,bug type,approach
432,3,tx.origin,code snippet injection
427,4,tx.origin,code snippet injection
72,4,tx.origin,code snippet injection
67,4,tx.origin,code snippet injection
19,4,tx.origin,code snippet injection
690,4,tx.origin,code snippet injection
675,4,tx.origin,code snippet injection
659,4,tx.origin,code snippet injection
629,4,tx.origin,code snippet injection
604,4,tx.origin,code snippet injection
591,4,tx.origin,code snippet injection
578,4,tx.origin,code snippet injection
567,3,tx.origin,code snippet injection
553,4,tx.origin,code snippet injection
545,3,tx.origin,code snippet injection
531,4,tx.origin,code snippet injection
516,3,tx.origin,code snippet injection
500,4,tx.origin,code snippet injection
488,4,tx.origin,code snippet injection
476,4,tx.origin,code snippet injection
463,5,tx.origin,code snippet injection
456,3,tx.origin,code snippet injection
448,4,tx.origin,code snippet injection
406,4,tx.origin,code snippet injection
398,4,tx.origin,code snippet injection
390,4,tx.origin,code snippet injection
383,3,tx.origin,code snippet injection
367,4,tx.origin,code snippet injection
356,3,tx.origin,code snippet injection
343,5,tx.origin,code snippet injection
331,4,tx.origin,code snippet injection
318,4,tx.origin,code snippet injection
309,4,tx.origin,code snippet injection
300,4,tx.origin,code snippet injection
291,3,tx.origin,code snippet injection
282,4,tx.origin,code snippet injection
274,4,tx.origin,code snippet injection
266,3,tx.origin,code snippet injection
259,3,tx.origin,code snippet injection
239,4,tx.origin,code snippet injection
