loc,length,bug type,approach
359,3,tx.origin,code snippet injection
350,4,tx.origin,code snippet injection
341,4,tx.origin,code snippet injection
331,4,tx.origin,code snippet injection
320,4,tx.origin,code snippet injection
213,4,tx.origin,code snippet injection
205,4,tx.origin,code snippet injection
198,4,tx.origin,code snippet injection
191,4,tx.origin,code snippet injection
184,4,tx.origin,code snippet injection
156,4,tx.origin,code snippet injection
145,4,tx.origin,code snippet injection
135,3,tx.origin,code snippet injection
124,4,tx.origin,code snippet injection
113,3,tx.origin,code snippet injection
105,4,tx.origin,code snippet injection
98,3,tx.origin,code snippet injection
89,4,tx.origin,code snippet injection
81,4,tx.origin,code snippet injection
74,4,tx.origin,code snippet injection
65,5,tx.origin,code snippet injection
59,3,tx.origin,code snippet injection
29,4,tx.origin,code snippet injection
20,4,tx.origin,code snippet injection
310,4,tx.origin,code snippet injection
305,4,tx.origin,code snippet injection
172,3,tx.origin,code snippet injection
167,4,tx.origin,code snippet injection
163,3,tx.origin,code snippet injection
50,5,tx.origin,code snippet injection
44,4,tx.origin,code snippet injection
38,4,tx.origin,code snippet injection
