loc,length,bug type,approach
215,3,tx.origin,code snippet injection
210,4,tx.origin,code snippet injection
205,4,tx.origin,code snippet injection
200,4,tx.origin,code snippet injection
195,4,tx.origin,code snippet injection
190,4,tx.origin,code snippet injection
386,4,tx.origin,code snippet injection
377,4,tx.origin,code snippet injection
346,4,tx.origin,code snippet injection
333,4,tx.origin,code snippet injection
318,4,tx.origin,code snippet injection
301,4,tx.origin,code snippet injection
290,3,tx.origin,code snippet injection
277,4,tx.origin,code snippet injection
271,3,tx.origin,code snippet injection
256,4,tx.origin,code snippet injection
251,3,tx.origin,code snippet injection
246,4,tx.origin,code snippet injection
241,4,tx.origin,code snippet injection
236,4,tx.origin,code snippet injection
229,5,tx.origin,code snippet injection
225,3,tx.origin,code snippet injection
220,4,tx.origin,code snippet injection
