loc,length,bug type,approach
1044,3,tx.origin,code snippet injection
1036,4,tx.origin,code snippet injection
1028,4,tx.origin,code snippet injection
998,4,tx.origin,code snippet injection
986,4,tx.origin,code snippet injection
978,4,tx.origin,code snippet injection
958,4,tx.origin,code snippet injection
950,4,tx.origin,code snippet injection
940,4,tx.origin,code snippet injection
930,4,tx.origin,code snippet injection
921,4,tx.origin,code snippet injection
913,4,tx.origin,code snippet injection
906,3,tx.origin,code snippet injection
898,4,tx.origin,code snippet injection
891,3,tx.origin,code snippet injection
882,4,tx.origin,code snippet injection
822,3,tx.origin,code snippet injection
802,4,tx.origin,code snippet injection
787,4,tx.origin,code snippet injection
762,4,tx.origin,code snippet injection
736,5,tx.origin,code snippet injection
714,3,tx.origin,code snippet injection
685,4,tx.origin,code snippet injection
662,4,tx.origin,code snippet injection
641,4,tx.origin,code snippet injection
619,4,tx.origin,code snippet injection
604,3,tx.origin,code snippet injection
593,4,tx.origin,code snippet injection
577,3,tx.origin,code snippet injection
565,5,tx.origin,code snippet injection
554,4,tx.origin,code snippet injection
533,4,tx.origin,code snippet injection
521,4,tx.origin,code snippet injection
510,4,tx.origin,code snippet injection
453,3,tx.origin,code snippet injection
444,4,tx.origin,code snippet injection
860,4,tx.origin,code snippet injection
856,3,tx.origin,code snippet injection
852,3,tx.origin,code snippet injection
846,4,tx.origin,code snippet injection
