loc,length,bug type,approach
315,3,tx.origin,code snippet injection
308,4,tx.origin,code snippet injection
301,4,tx.origin,code snippet injection
294,4,tx.origin,code snippet injection
287,4,tx.origin,code snippet injection
701,4,tx.origin,code snippet injection
691,4,tx.origin,code snippet injection
682,4,tx.origin,code snippet injection
672,4,tx.origin,code snippet injection
663,4,tx.origin,code snippet injection
654,4,tx.origin,code snippet injection
619,4,tx.origin,code snippet injection
605,3,tx.origin,code snippet injection
591,4,tx.origin,code snippet injection
517,3,tx.origin,code snippet injection
505,4,tx.origin,code snippet injection
479,3,tx.origin,code snippet injection
463,4,tx.origin,code snippet injection
419,4,tx.origin,code snippet injection
393,4,tx.origin,code snippet injection
378,5,tx.origin,code snippet injection
349,3,tx.origin,code snippet injection
335,4,tx.origin,code snippet injection
280,4,tx.origin,code snippet injection
264,4,tx.origin,code snippet injection
257,4,tx.origin,code snippet injection
245,3,tx.origin,code snippet injection
238,4,tx.origin,code snippet injection
232,3,tx.origin,code snippet injection
224,5,tx.origin,code snippet injection
214,4,tx.origin,code snippet injection
207,4,tx.origin,code snippet injection
200,4,tx.origin,code snippet injection
193,4,tx.origin,code snippet injection
187,3,tx.origin,code snippet injection
180,4,tx.origin,code snippet injection
