loc,length,bug type,approach
431,3,tx.origin,code snippet injection
385,4,tx.origin,code snippet injection
375,4,tx.origin,code snippet injection
366,4,tx.origin,code snippet injection
355,4,tx.origin,code snippet injection
346,4,tx.origin,code snippet injection
337,4,tx.origin,code snippet injection
328,4,tx.origin,code snippet injection
319,4,tx.origin,code snippet injection
308,4,tx.origin,code snippet injection
299,4,tx.origin,code snippet injection
292,4,tx.origin,code snippet injection
1018,3,tx.origin,code snippet injection
1003,4,tx.origin,code snippet injection
987,3,tx.origin,code snippet injection
970,4,tx.origin,code snippet injection
950,3,tx.origin,code snippet injection
936,4,tx.origin,code snippet injection
915,4,tx.origin,code snippet injection
902,4,tx.origin,code snippet injection
887,5,tx.origin,code snippet injection
875,3,tx.origin,code snippet injection
864,4,tx.origin,code snippet injection
846,4,tx.origin,code snippet injection
832,4,tx.origin,code snippet injection
817,4,tx.origin,code snippet injection
807,3,tx.origin,code snippet injection
796,4,tx.origin,code snippet injection
786,3,tx.origin,code snippet injection
767,5,tx.origin,code snippet injection
749,4,tx.origin,code snippet injection
731,4,tx.origin,code snippet injection
711,4,tx.origin,code snippet injection
688,4,tx.origin,code snippet injection
667,3,tx.origin,code snippet injection
646,4,tx.origin,code snippet injection
625,4,tx.origin,code snippet injection
610,3,tx.origin,code snippet injection
597,3,tx.origin,code snippet injection
575,4,tx.origin,code snippet injection
