loc,length,bug type,approach
48,3,tx.origin,code snippet injection
43,4,tx.origin,code snippet injection
38,4,tx.origin,code snippet injection
33,4,tx.origin,code snippet injection
109,4,tx.origin,code snippet injection
100,4,tx.origin,code snippet injection
82,4,tx.origin,code snippet injection
73,4,tx.origin,code snippet injection
58,4,tx.origin,code snippet injection
27,4,tx.origin,code snippet injection
22,4,tx.origin,code snippet injection
17,4,tx.origin,code snippet injection
