loc,length,bug type,approach
906,2,Unchecked-Send,code snippet injection
903,2,Unchecked-Send,code snippet injection
212,2,Unchecked-Send,code snippet injection
209,2,Unchecked-Send,code snippet injection
206,2,Unchecked-Send,code snippet injection
139,2,Unchecked-Send,code snippet injection
1061,2,Unchecked-Send,code snippet injection
1035,2,Unchecked-Send,code snippet injection
1026,2,Unchecked-Send,code snippet injection
1014,2,Unchecked-Send,code snippet injection
990,2,Unchecked-Send,code snippet injection
975,2,Unchecked-Send,code snippet injection
962,2,Unchecked-Send,code snippet injection
955,2,Unchecked-Send,code snippet injection
945,2,Unchecked-Send,code snippet injection
913,2,Unchecked-Send,code snippet injection
836,2,Unchecked-Send,code snippet injection
816,2,Unchecked-Send,code snippet injection
798,2,Unchecked-Send,code snippet injection
785,2,Unchecked-Send,code snippet injection
773,2,Unchecked-Send,code snippet injection
763,2,Unchecked-Send,code snippet injection
753,2,Unchecked-Send,code snippet injection
721,2,Unchecked-Send,code snippet injection
718,2,Unchecked-Send,code snippet injection
715,2,Unchecked-Send,code snippet injection
709,2,Unchecked-Send,code snippet injection
682,2,Unchecked-Send,code snippet injection
650,2,Unchecked-Send,code snippet injection
639,2,Unchecked-Send,code snippet injection
627,2,Unchecked-Send,code snippet injection
616,2,Unchecked-Send,code snippet injection
