loc,length,bug type,approach
137,2,Unchecked-Send,code snippet injection
132,2,Unchecked-Send,code snippet injection
128,2,Unchecked-Send,code snippet injection
125,2,Unchecked-Send,code snippet injection
710,2,Unchecked-Send,code snippet injection
700,2,Unchecked-Send,code snippet injection
694,2,Unchecked-Send,code snippet injection
660,2,Unchecked-Send,code snippet injection
625,2,Unchecked-Send,code snippet injection
591,2,Unchecked-Send,code snippet injection
558,2,Unchecked-Send,code snippet injection
526,2,Unchecked-Send,code snippet injection
491,2,Unchecked-Send,code snippet injection
457,2,Unchecked-Send,code snippet injection
423,2,Unchecked-Send,code snippet injection
386,2,Unchecked-Send,code snippet injection
347,2,Unchecked-Send,code snippet injection
308,2,Unchecked-Send,code snippet injection
280,2,Unchecked-Send,code snippet injection
141,2,Unchecked-Send,code snippet injection
121,2,Unchecked-Send,code snippet injection
118,2,Unchecked-Send,code snippet injection
115,2,Unchecked-Send,code snippet injection
112,2,Unchecked-Send,code snippet injection
109,2,Unchecked-Send,code snippet injection
106,2,Unchecked-Send,code snippet injection
103,2,Unchecked-Send,code snippet injection
100,2,Unchecked-Send,code snippet injection
97,2,Unchecked-Send,code snippet injection
94,2,Unchecked-Send,code snippet injection
91,2,Unchecked-Send,code snippet injection
87,2,Unchecked-Send,code snippet injection
