loc,length,bug type,approach
375,2,Unchecked-Send,code snippet injection
372,2,Unchecked-Send,code snippet injection
324,2,Unchecked-Send,code snippet injection
321,2,Unchecked-Send,code snippet injection
286,2,Unchecked-Send,code snippet injection
220,2,Unchecked-Send,code snippet injection
40,2,Unchecked-Send,code snippet injection
441,2,Unchecked-Send,code snippet injection
432,2,Unchecked-Send,code snippet injection
412,2,Unchecked-Send,code snippet injection
401,2,Unchecked-Send,code snippet injection
390,2,Unchecked-Send,code snippet injection
384,2,Unchecked-Send,code snippet injection
365,2,Unchecked-Send,code snippet injection
357,2,Unchecked-Send,code snippet injection
339,2,Unchecked-Send,code snippet injection
333,2,Unchecked-Send,code snippet injection
316,2,Unchecked-Send,code snippet injection
310,2,Unchecked-Send,code snippet injection
304,2,Unchecked-Send,code snippet injection
298,2,Unchecked-Send,code snippet injection
281,2,Unchecked-Send,code snippet injection
275,2,Unchecked-Send,code snippet injection
267,2,Unchecked-Send,code snippet injection
260,2,Unchecked-Send,code snippet injection
254,2,Unchecked-Send,code snippet injection
242,2,Unchecked-Send,code snippet injection
235,2,Unchecked-Send,code snippet injection
213,2,Unchecked-Send,code snippet injection
206,2,Unchecked-Send,code snippet injection
195,2,Unchecked-Send,code snippet injection
184,2,Unchecked-Send,code snippet injection
