loc,length,bug type,approach
871,2,Unchecked-Send,code snippet injection
1024,2,Unchecked-Send,code snippet injection
1006,2,Unchecked-Send,code snippet injection
995,2,Unchecked-Send,code snippet injection
985,2,Unchecked-Send,code snippet injection
971,2,Unchecked-Send,code snippet injection
961,2,Unchecked-Send,code snippet injection
915,2,Unchecked-Send,code snippet injection
887,2,Unchecked-Send,code snippet injection
497,2,Unchecked-Send,code snippet injection
488,2,Unchecked-Send,code snippet injection
482,2,Unchecked-Send,code snippet injection
475,2,Unchecked-Send,code snippet injection
469,2,Unchecked-Send,code snippet injection
463,2,Unchecked-Send,code snippet injection
457,2,Unchecked-Send,code snippet injection
451,2,Unchecked-Send,code snippet injection
445,2,Unchecked-Send,code snippet injection
439,2,Unchecked-Send,code snippet injection
433,2,Unchecked-Send,code snippet injection
422,2,Unchecked-Send,code snippet injection
416,2,Unchecked-Send,code snippet injection
410,2,Unchecked-Send,code snippet injection
404,2,Unchecked-Send,code snippet injection
398,2,Unchecked-Send,code snippet injection
392,2,Unchecked-Send,code snippet injection
386,2,Unchecked-Send,code snippet injection
380,2,Unchecked-Send,code snippet injection
373,2,Unchecked-Send,code snippet injection
367,2,Unchecked-Send,code snippet injection
361,2,Unchecked-Send,code snippet injection
355,2,Unchecked-Send,code snippet injection
