loc,length,bug type,approach
1654,2,Unchecked-Send,code snippet injection
1649,2,Unchecked-Send,code snippet injection
1646,2,Unchecked-Send,code snippet injection
1643,2,Unchecked-Send,code snippet injection
2190,2,Unchecked-Send,code snippet injection
2185,2,Unchecked-Send,code snippet injection
2174,2,Unchecked-Send,code snippet injection
2142,2,Unchecked-Send,code snippet injection
2116,2,Unchecked-Send,code snippet injection
2106,2,Unchecked-Send,code snippet injection
2021,2,Unchecked-Send,code snippet injection
1958,2,Unchecked-Send,code snippet injection
1910,2,Unchecked-Send,code snippet injection
1868,2,Unchecked-Send,code snippet injection
1858,2,Unchecked-Send,code snippet injection
1829,2,Unchecked-Send,code snippet injection
1820,2,Unchecked-Send,code snippet injection
1782,2,Unchecked-Send,code snippet injection
1752,2,Unchecked-Send,code snippet injection
1737,2,Unchecked-Send,code snippet injection
1731,2,Unchecked-Send,code snippet injection
1720,2,Unchecked-Send,code snippet injection
1713,2,Unchecked-Send,code snippet injection
1696,2,Unchecked-Send,code snippet injection
1690,2,Unchecked-Send,code snippet injection
1682,2,Unchecked-Send,code snippet injection
1674,2,Unchecked-Send,code snippet injection
1455,2,Unchecked-Send,code snippet injection
1451,2,Unchecked-Send,code snippet injection
1439,2,Unchecked-Send,code snippet injection
1435,2,Unchecked-Send,code snippet injection
1431,2,Unchecked-Send,code snippet injection
