loc,length,bug type,approach
338,2,Unchecked-Send,code snippet injection
290,2,Unchecked-Send,code snippet injection
504,2,Unchecked-Send,code snippet injection
495,2,Unchecked-Send,code snippet injection
488,2,Unchecked-Send,code snippet injection
481,2,Unchecked-Send,code snippet injection
475,2,Unchecked-Send,code snippet injection
453,2,Unchecked-Send,code snippet injection
429,2,Unchecked-Send,code snippet injection
423,2,Unchecked-Send,code snippet injection
408,2,Unchecked-Send,code snippet injection
354,2,Unchecked-Send,code snippet injection
324,2,Unchecked-Send,code snippet injection
302,2,Unchecked-Send,code snippet injection
391,2,Unchecked-Send,code snippet injection
388,2,Unchecked-Send,code snippet injection
385,2,Unchecked-Send,code snippet injection
382,2,Unchecked-Send,code snippet injection
378,2,Unchecked-Send,code snippet injection
375,2,Unchecked-Send,code snippet injection
372,2,Unchecked-Send,code snippet injection
369,2,Unchecked-Send,code snippet injection
366,2,Unchecked-Send,code snippet injection
362,2,Unchecked-Send,code snippet injection
358,2,Unchecked-Send,code snippet injection
346,2,Unchecked-Send,code snippet injection
343,2,Unchecked-Send,code snippet injection
285,2,Unchecked-Send,code snippet injection
