loc,length,bug type,approach
86,2,Unchecked-Send,code snippet injection
80,2,Unchecked-Send,code snippet injection
72,2,Unchecked-Send,code snippet injection
65,2,Unchecked-Send,code snippet injection
57,2,Unchecked-Send,code snippet injection
403,2,Unchecked-Send,code snippet injection
394,2,Unchecked-Send,code snippet injection
388,2,Unchecked-Send,code snippet injection
378,2,Unchecked-Send,code snippet injection
360,2,Unchecked-Send,code snippet injection
347,2,Unchecked-Send,code snippet injection
344,2,Unchecked-Send,code snippet injection
340,2,Unchecked-Send,code snippet injection
328,2,Unchecked-Send,code snippet injection
325,2,Unchecked-Send,code snippet injection
322,2,Unchecked-Send,code snippet injection
317,2,Unchecked-Send,code snippet injection
314,2,Unchecked-Send,code snippet injection
311,2,Unchecked-Send,code snippet injection
306,2,Unchecked-Send,code snippet injection
303,2,Unchecked-Send,code snippet injection
300,2,Unchecked-Send,code snippet injection
297,2,Unchecked-Send,code snippet injection
294,2,Unchecked-Send,code snippet injection
291,2,Unchecked-Send,code snippet injection
287,2,Unchecked-Send,code snippet injection
283,2,Unchecked-Send,code snippet injection
279,2,Unchecked-Send,code snippet injection
275,2,Unchecked-Send,code snippet injection
270,2,Unchecked-Send,code snippet injection
252,2,Unchecked-Send,code snippet injection
223,2,Unchecked-Send,code snippet injection
