loc,length,bug type,approach
481,2,Unchecked-Send,code snippet injection
478,2,Unchecked-Send,code snippet injection
475,2,Unchecked-Send,code snippet injection
472,2,Unchecked-Send,code snippet injection
469,2,Unchecked-Send,code snippet injection
96,2,Unchecked-Send,code snippet injection
93,2,Unchecked-Send,code snippet injection
652,2,Unchecked-Send,code snippet injection
642,2,Unchecked-Send,code snippet injection
619,2,Unchecked-Send,code snippet injection
603,2,Unchecked-Send,code snippet injection
584,2,Unchecked-Send,code snippet injection
490,2,Unchecked-Send,code snippet injection
394,2,Unchecked-Send,code snippet injection
390,2,Unchecked-Send,code snippet injection
386,2,Unchecked-Send,code snippet injection
382,2,Unchecked-Send,code snippet injection
378,2,Unchecked-Send,code snippet injection
142,2,Unchecked-Send,code snippet injection
135,2,Unchecked-Send,code snippet injection
128,2,Unchecked-Send,code snippet injection
122,2,Unchecked-Send,code snippet injection
116,2,Unchecked-Send,code snippet injection
105,2,Unchecked-Send,code snippet injection
51,2,Unchecked-Send,code snippet injection
44,2,Unchecked-Send,code snippet injection
38,2,Unchecked-Send,code snippet injection
451,2,Unchecked-Send,code snippet injection
448,2,Unchecked-Send,code snippet injection
445,2,Unchecked-Send,code snippet injection
442,2,Unchecked-Send,code snippet injection
439,2,Unchecked-Send,code snippet injection
