loc,length,bug type,approach
677,2,Unchecked-Send,code snippet injection
674,2,Unchecked-Send,code snippet injection
77,2,Unchecked-Send,code snippet injection
74,2,Unchecked-Send,code snippet injection
714,2,Unchecked-Send,code snippet injection
701,2,Unchecked-Send,code snippet injection
682,2,Unchecked-Send,code snippet injection
657,2,Unchecked-Send,code snippet injection
639,2,Unchecked-Send,code snippet injection
629,2,Unchecked-Send,code snippet injection
620,2,Unchecked-Send,code snippet injection
598,2,Unchecked-Send,code snippet injection
585,2,Unchecked-Send,code snippet injection
562,2,Unchecked-Send,code snippet injection
541,2,Unchecked-Send,code snippet injection
522,2,Unchecked-Send,code snippet injection
497,2,Unchecked-Send,code snippet injection
476,2,Unchecked-Send,code snippet injection
457,2,Unchecked-Send,code snippet injection
437,2,Unchecked-Send,code snippet injection
423,2,Unchecked-Send,code snippet injection
414,2,Unchecked-Send,code snippet injection
399,2,Unchecked-Send,code snippet injection
390,2,Unchecked-Send,code snippet injection
123,2,Unchecked-Send,code snippet injection
116,2,Unchecked-Send,code snippet injection
109,2,Unchecked-Send,code snippet injection
103,2,Unchecked-Send,code snippet injection
97,2,Unchecked-Send,code snippet injection
86,2,Unchecked-Send,code snippet injection
32,2,Unchecked-Send,code snippet injection
25,2,Unchecked-Send,code snippet injection
