loc,length,bug type,approach
316,2,Unchecked-Send,code snippet injection
250,2,Unchecked-Send,code snippet injection
44,2,Unchecked-Send,code snippet injection
354,2,Unchecked-Send,code snippet injection
346,2,Unchecked-Send,code snippet injection
340,2,Unchecked-Send,code snippet injection
334,2,Unchecked-Send,code snippet injection
328,2,Unchecked-Send,code snippet injection
311,2,Unchecked-Send,code snippet injection
305,2,Unchecked-Send,code snippet injection
297,2,Unchecked-Send,code snippet injection
290,2,Unchecked-Send,code snippet injection
284,2,Unchecked-Send,code snippet injection
272,2,Unchecked-Send,code snippet injection
265,2,Unchecked-Send,code snippet injection
243,2,Unchecked-Send,code snippet injection
236,2,Unchecked-Send,code snippet injection
225,2,Unchecked-Send,code snippet injection
214,2,Unchecked-Send,code snippet injection
203,2,Unchecked-Send,code snippet injection
192,2,Unchecked-Send,code snippet injection
185,2,Unchecked-Send,code snippet injection
178,2,Unchecked-Send,code snippet injection
170,2,Unchecked-Send,code snippet injection
163,2,Unchecked-Send,code snippet injection
151,2,Unchecked-Send,code snippet injection
144,2,Unchecked-Send,code snippet injection
138,2,Unchecked-Send,code snippet injection
132,2,Unchecked-Send,code snippet injection
126,2,Unchecked-Send,code snippet injection
120,2,Unchecked-Send,code snippet injection
114,2,Unchecked-Send,code snippet injection
