loc,length,bug type,approach
1492,2,Unchecked-Send,code snippet injection
1405,2,Unchecked-Send,code snippet injection
1617,2,Unchecked-Send,code snippet injection
1610,2,Unchecked-Send,code snippet injection
1603,2,Unchecked-Send,code snippet injection
1591,2,Unchecked-Send,code snippet injection
1575,2,Unchecked-Send,code snippet injection
1568,2,Unchecked-Send,code snippet injection
1560,2,Unchecked-Send,code snippet injection
1554,2,Unchecked-Send,code snippet injection
1547,2,Unchecked-Send,code snippet injection
1540,2,Unchecked-Send,code snippet injection
1533,2,Unchecked-Send,code snippet injection
1526,2,Unchecked-Send,code snippet injection
1519,2,Unchecked-Send,code snippet injection
1515,2,Unchecked-Send,code snippet injection
1445,2,Unchecked-Send,code snippet injection
1437,2,Unchecked-Send,code snippet injection
1430,2,Unchecked-Send,code snippet injection
1419,2,Unchecked-Send,code snippet injection
1413,2,Unchecked-Send,code snippet injection
1344,2,Unchecked-Send,code snippet injection
1335,2,Unchecked-Send,code snippet injection
1288,2,Unchecked-Send,code snippet injection
1242,2,Unchecked-Send,code snippet injection
1202,2,Unchecked-Send,code snippet injection
1177,2,Unchecked-Send,code snippet injection
1148,2,Unchecked-Send,code snippet injection
1122,2,Unchecked-Send,code snippet injection
1116,2,Unchecked-Send,code snippet injection
1071,2,Unchecked-Send,code snippet injection
1057,2,Unchecked-Send,code snippet injection
