loc,length,bug type,approach
233,2,Unchecked-Send,code snippet injection
230,2,Unchecked-Send,code snippet injection
225,2,Unchecked-Send,code snippet injection
222,2,Unchecked-Send,code snippet injection
219,2,Unchecked-Send,code snippet injection
216,2,Unchecked-Send,code snippet injection
213,2,Unchecked-Send,code snippet injection
210,2,Unchecked-Send,code snippet injection
161,2,Unchecked-Send,code snippet injection
533,2,Unchecked-Send,code snippet injection
509,2,Unchecked-Send,code snippet injection
501,2,Unchecked-Send,code snippet injection
469,2,Unchecked-Send,code snippet injection
440,2,Unchecked-Send,code snippet injection
427,2,Unchecked-Send,code snippet injection
379,2,Unchecked-Send,code snippet injection
371,2,Unchecked-Send,code snippet injection
365,2,Unchecked-Send,code snippet injection
354,2,Unchecked-Send,code snippet injection
344,2,Unchecked-Send,code snippet injection
334,2,Unchecked-Send,code snippet injection
327,2,Unchecked-Send,code snippet injection
315,2,Unchecked-Send,code snippet injection
303,2,Unchecked-Send,code snippet injection
296,2,Unchecked-Send,code snippet injection
289,2,Unchecked-Send,code snippet injection
282,2,Unchecked-Send,code snippet injection
275,2,Unchecked-Send,code snippet injection
267,2,Unchecked-Send,code snippet injection
256,2,Unchecked-Send,code snippet injection
242,2,Unchecked-Send,code snippet injection
186,2,Unchecked-Send,code snippet injection
