loc,length,bug type,approach
116,2,Unchecked-Send,code snippet injection
113,2,Unchecked-Send,code snippet injection
110,2,Unchecked-Send,code snippet injection
62,2,Unchecked-Send,code snippet injection
59,2,Unchecked-Send,code snippet injection
56,2,Unchecked-Send,code snippet injection
53,2,Unchecked-Send,code snippet injection
44,2,Unchecked-Send,code snippet injection
471,2,Unchecked-Send,code snippet injection
451,2,Unchecked-Send,code snippet injection
437,2,Unchecked-Send,code snippet injection
425,2,Unchecked-Send,code snippet injection
389,2,Unchecked-Send,code snippet injection
364,2,Unchecked-Send,code snippet injection
322,2,Unchecked-Send,code snippet injection
272,2,Unchecked-Send,code snippet injection
223,2,Unchecked-Send,code snippet injection
218,2,Unchecked-Send,code snippet injection
213,2,Unchecked-Send,code snippet injection
208,2,Unchecked-Send,code snippet injection
203,2,Unchecked-Send,code snippet injection
197,2,Unchecked-Send,code snippet injection
191,2,Unchecked-Send,code snippet injection
185,2,Unchecked-Send,code snippet injection
180,2,Unchecked-Send,code snippet injection
169,2,Unchecked-Send,code snippet injection
162,2,Unchecked-Send,code snippet injection
155,2,Unchecked-Send,code snippet injection
148,2,Unchecked-Send,code snippet injection
138,2,Unchecked-Send,code snippet injection
128,2,Unchecked-Send,code snippet injection
36,2,Unchecked-Send,code snippet injection
