loc,length,bug type,approach
439,2,Unchecked-Send,code snippet injection
436,2,Unchecked-Send,code snippet injection
710,2,Unchecked-Send,code snippet injection
688,2,Unchecked-Send,code snippet injection
682,2,Unchecked-Send,code snippet injection
656,2,Unchecked-Send,code snippet injection
637,2,Unchecked-Send,code snippet injection
630,2,Unchecked-Send,code snippet injection
622,2,Unchecked-Send,code snippet injection
607,2,Unchecked-Send,code snippet injection
596,2,Unchecked-Send,code snippet injection
582,2,Unchecked-Send,code snippet injection
575,2,Unchecked-Send,code snippet injection
569,2,Unchecked-Send,code snippet injection
561,2,Unchecked-Send,code snippet injection
551,2,Unchecked-Send,code snippet injection
544,2,Unchecked-Send,code snippet injection
528,2,Unchecked-Send,code snippet injection
520,2,Unchecked-Send,code snippet injection
510,2,Unchecked-Send,code snippet injection
503,2,Unchecked-Send,code snippet injection
399,2,Unchecked-Send,code snippet injection
127,2,Unchecked-Send,code snippet injection
124,2,Unchecked-Send,code snippet injection
121,2,Unchecked-Send,code snippet injection
118,2,Unchecked-Send,code snippet injection
115,2,Unchecked-Send,code snippet injection
112,2,Unchecked-Send,code snippet injection
102,2,Unchecked-Send,code snippet injection
588,2,Unchecked-Send,code snippet injection
585,2,Unchecked-Send,code snippet injection
478,2,Unchecked-Send,code snippet injection
