loc,length,bug type,approach
861,2,Unchecked-Send,code snippet injection
858,2,Unchecked-Send,code snippet injection
855,2,Unchecked-Send,code snippet injection
852,2,Unchecked-Send,code snippet injection
849,2,Unchecked-Send,code snippet injection
717,2,Unchecked-Send,code snippet injection
714,2,Unchecked-Send,code snippet injection
711,2,Unchecked-Send,code snippet injection
589,2,Unchecked-Send,code snippet injection
573,2,Unchecked-Send,code snippet injection
457,2,Unchecked-Send,code snippet injection
1022,2,Unchecked-Send,code snippet injection
1012,2,Unchecked-Send,code snippet injection
1001,2,Unchecked-Send,code snippet injection
984,2,Unchecked-Send,code snippet injection
974,2,Unchecked-Send,code snippet injection
962,2,Unchecked-Send,code snippet injection
952,2,Unchecked-Send,code snippet injection
942,2,Unchecked-Send,code snippet injection
930,2,Unchecked-Send,code snippet injection
923,2,Unchecked-Send,code snippet injection
911,2,Unchecked-Send,code snippet injection
901,2,Unchecked-Send,code snippet injection
835,2,Unchecked-Send,code snippet injection
823,2,Unchecked-Send,code snippet injection
812,2,Unchecked-Send,code snippet injection
778,2,Unchecked-Send,code snippet injection
765,2,Unchecked-Send,code snippet injection
754,2,Unchecked-Send,code snippet injection
742,2,Unchecked-Send,code snippet injection
697,2,Unchecked-Send,code snippet injection
685,2,Unchecked-Send,code snippet injection
