loc,length,bug type,approach
220,2,Unchecked-Send,code snippet injection
213,2,Unchecked-Send,code snippet injection
205,2,Unchecked-Send,code snippet injection
196,2,Unchecked-Send,code snippet injection
189,2,Unchecked-Send,code snippet injection
180,2,Unchecked-Send,code snippet injection
141,2,Unchecked-Send,code snippet injection
98,2,Unchecked-Send,code snippet injection
101,2,Unchecked-Send,code snippet injection
90,2,Unchecked-Send,code snippet injection
87,2,Unchecked-Send,code snippet injection
84,2,Unchecked-Send,code snippet injection
81,2,Unchecked-Send,code snippet injection
78,2,Unchecked-Send,code snippet injection
75,2,Unchecked-Send,code snippet injection
