loc,length,bug type,approach
390,2,Unchecked-Send,code snippet injection
387,2,Unchecked-Send,code snippet injection
314,2,Unchecked-Send,code snippet injection
311,2,Unchecked-Send,code snippet injection
57,2,Unchecked-Send,code snippet injection
486,2,Unchecked-Send,code snippet injection
479,2,Unchecked-Send,code snippet injection
468,2,Unchecked-Send,code snippet injection
461,2,Unchecked-Send,code snippet injection
455,2,Unchecked-Send,code snippet injection
449,2,Unchecked-Send,code snippet injection
433,2,Unchecked-Send,code snippet injection
424,2,Unchecked-Send,code snippet injection
417,2,Unchecked-Send,code snippet injection
404,2,Unchecked-Send,code snippet injection
398,2,Unchecked-Send,code snippet injection
366,2,Unchecked-Send,code snippet injection
358,2,Unchecked-Send,code snippet injection
350,2,Unchecked-Send,code snippet injection
342,2,Unchecked-Send,code snippet injection
329,2,Unchecked-Send,code snippet injection
298,2,Unchecked-Send,code snippet injection
282,2,Unchecked-Send,code snippet injection
265,2,Unchecked-Send,code snippet injection
248,2,Unchecked-Send,code snippet injection
231,2,Unchecked-Send,code snippet injection
214,2,Unchecked-Send,code snippet injection
198,2,Unchecked-Send,code snippet injection
182,2,Unchecked-Send,code snippet injection
170,2,Unchecked-Send,code snippet injection
158,2,Unchecked-Send,code snippet injection
147,2,Unchecked-Send,code snippet injection
