loc,length,bug type,approach
764,2,Unchecked-Send,code snippet injection
761,2,Unchecked-Send,code snippet injection
758,2,Unchecked-Send,code snippet injection
755,2,Unchecked-Send,code snippet injection
752,2,Unchecked-Send,code snippet injection
1213,2,Unchecked-Send,code snippet injection
1199,2,Unchecked-Send,code snippet injection
1185,2,Unchecked-Send,code snippet injection
1163,2,Unchecked-Send,code snippet injection
1149,2,Unchecked-Send,code snippet injection
1105,2,Unchecked-Send,code snippet injection
1072,2,Unchecked-Send,code snippet injection
1021,2,Unchecked-Send,code snippet injection
1005,2,Unchecked-Send,code snippet injection
988,2,Unchecked-Send,code snippet injection
972,2,Unchecked-Send,code snippet injection
958,2,Unchecked-Send,code snippet injection
941,2,Unchecked-Send,code snippet injection
925,2,Unchecked-Send,code snippet injection
909,2,Unchecked-Send,code snippet injection
895,2,Unchecked-Send,code snippet injection
883,2,Unchecked-Send,code snippet injection
871,2,Unchecked-Send,code snippet injection
859,2,Unchecked-Send,code snippet injection
847,2,Unchecked-Send,code snippet injection
835,2,Unchecked-Send,code snippet injection
823,2,Unchecked-Send,code snippet injection
811,2,Unchecked-Send,code snippet injection
789,2,Unchecked-Send,code snippet injection
706,2,Unchecked-Send,code snippet injection
693,2,Unchecked-Send,code snippet injection
673,2,Unchecked-Send,code snippet injection
