loc,length,bug type,approach
417,36,Timestamp-Dependency,code snippet injection
415,1,Timestamp-Dependency,code snippet injection
233,1,Timestamp-Dependency,code snippet injection
630,1,Timestamp-Dependency,code snippet injection
627,1,Timestamp-Dependency,code snippet injection
602,1,Timestamp-Dependency,code snippet injection
579,9,Timestamp-Dependency,code snippet injection
567,4,Timestamp-Dependency,code snippet injection
542,4,Timestamp-Dependency,code snippet injection
529,3,Timestamp-Dependency,code snippet injection
503,5,Timestamp-Dependency,code snippet injection
489,4,Timestamp-Dependency,code snippet injection
465,3,Timestamp-Dependency,code snippet injection
404,5,Timestamp-Dependency,code snippet injection
393,3,Timestamp-Dependency,code snippet injection
383,5,Timestamp-Dependency,code snippet injection
372,3,Timestamp-Dependency,code snippet injection
347,5,Timestamp-Dependency,code snippet injection
309,9,Timestamp-Dependency,code snippet injection
301,4,Timestamp-Dependency,code snippet injection
288,9,Timestamp-Dependency,code snippet injection
275,5,Timestamp-Dependency,code snippet injection
262,9,Timestamp-Dependency,code snippet injection
252,5,Timestamp-Dependency,code snippet injection
243,5,Timestamp-Dependency,code snippet injection
224,4,Timestamp-Dependency,code snippet injection
125,3,Timestamp-Dependency,code snippet injection
112,9,Timestamp-Dependency,code snippet injection
105,3,Timestamp-Dependency,code snippet injection
97,4,Timestamp-Dependency,code snippet injection
86,4,Timestamp-Dependency,code snippet injection
78,4,Timestamp-Dependency,code snippet injection
65,9,Timestamp-Dependency,code snippet injection
212,5,Timestamp-Dependency,code snippet injection
202,9,Timestamp-Dependency,code snippet injection
197,4,Timestamp-Dependency,code snippet injection
192,4,Timestamp-Dependency,code snippet injection
186,5,Timestamp-Dependency,code snippet injection
180,5,Timestamp-Dependency,code snippet injection
176,3,Timestamp-Dependency,code snippet injection
166,9,Timestamp-Dependency,code snippet injection
162,3,Timestamp-Dependency,code snippet injection
158,3,Timestamp-Dependency,code snippet injection
148,9,Timestamp-Dependency,code snippet injection
138,9,Timestamp-Dependency,code snippet injection
134,3,Timestamp-Dependency,code snippet injection
