loc,length,bug type,approach
224,36,Timestamp-Dependency,code snippet injection
202,1,Timestamp-Dependency,code snippet injection
195,1,Timestamp-Dependency,code snippet injection
177,1,Timestamp-Dependency,code snippet injection
165,1,Timestamp-Dependency,code snippet injection
150,1,Timestamp-Dependency,code snippet injection
136,9,Timestamp-Dependency,code snippet injection
127,4,Timestamp-Dependency,code snippet injection
118,4,Timestamp-Dependency,code snippet injection
108,3,Timestamp-Dependency,code snippet injection
102,5,Timestamp-Dependency,code snippet injection
97,4,Timestamp-Dependency,code snippet injection
93,3,Timestamp-Dependency,code snippet injection
87,5,Timestamp-Dependency,code snippet injection
