loc,length,bug type,approach
811,36,Timestamp-Dependency,code snippet injection
804,1,Timestamp-Dependency,code snippet injection
798,1,Timestamp-Dependency,code snippet injection
154,1,Timestamp-Dependency,code snippet injection
169,1,Timestamp-Dependency,code snippet injection
1190,1,Timestamp-Dependency,code snippet injection
1016,9,Timestamp-Dependency,code snippet injection
999,4,Timestamp-Dependency,code snippet injection
962,4,Timestamp-Dependency,code snippet injection
937,3,Timestamp-Dependency,code snippet injection
874,5,Timestamp-Dependency,code snippet injection
859,4,Timestamp-Dependency,code snippet injection
374,3,Timestamp-Dependency,code snippet injection
348,5,Timestamp-Dependency,code snippet injection
313,3,Timestamp-Dependency,code snippet injection
278,5,Timestamp-Dependency,code snippet injection
253,3,Timestamp-Dependency,code snippet injection
235,5,Timestamp-Dependency,code snippet injection
214,9,Timestamp-Dependency,code snippet injection
198,4,Timestamp-Dependency,code snippet injection
177,9,Timestamp-Dependency,code snippet injection
788,5,Timestamp-Dependency,code snippet injection
776,9,Timestamp-Dependency,code snippet injection
768,5,Timestamp-Dependency,code snippet injection
709,5,Timestamp-Dependency,code snippet injection
704,4,Timestamp-Dependency,code snippet injection
700,3,Timestamp-Dependency,code snippet injection
690,9,Timestamp-Dependency,code snippet injection
686,3,Timestamp-Dependency,code snippet injection
681,4,Timestamp-Dependency,code snippet injection
676,4,Timestamp-Dependency,code snippet injection
671,4,Timestamp-Dependency,code snippet injection
661,9,Timestamp-Dependency,code snippet injection
655,5,Timestamp-Dependency,code snippet injection
645,9,Timestamp-Dependency,code snippet injection
640,4,Timestamp-Dependency,code snippet injection
635,4,Timestamp-Dependency,code snippet injection
629,5,Timestamp-Dependency,code snippet injection
623,5,Timestamp-Dependency,code snippet injection
617,3,Timestamp-Dependency,code snippet injection
607,9,Timestamp-Dependency,code snippet injection
603,3,Timestamp-Dependency,code snippet injection
599,3,Timestamp-Dependency,code snippet injection
589,9,Timestamp-Dependency,code snippet injection
579,9,Timestamp-Dependency,code snippet injection
575,3,Timestamp-Dependency,code snippet injection
