loc,length,bug type,approach
630,36,Timestamp-Dependency,code snippet injection
625,1,Timestamp-Dependency,code snippet injection
620,1,Timestamp-Dependency,code snippet injection
615,1,Timestamp-Dependency,code snippet injection
561,1,Timestamp-Dependency,code snippet injection
513,1,Timestamp-Dependency,code snippet injection
1577,9,Timestamp-Dependency,code snippet injection
1561,4,Timestamp-Dependency,code snippet injection
1547,4,Timestamp-Dependency,code snippet injection
1528,3,Timestamp-Dependency,code snippet injection
1513,5,Timestamp-Dependency,code snippet injection
1499,4,Timestamp-Dependency,code snippet injection
1480,3,Timestamp-Dependency,code snippet injection
1431,5,Timestamp-Dependency,code snippet injection
1416,3,Timestamp-Dependency,code snippet injection
1401,5,Timestamp-Dependency,code snippet injection
1388,3,Timestamp-Dependency,code snippet injection
1374,5,Timestamp-Dependency,code snippet injection
1356,9,Timestamp-Dependency,code snippet injection
1344,4,Timestamp-Dependency,code snippet injection
1327,9,Timestamp-Dependency,code snippet injection
1306,5,Timestamp-Dependency,code snippet injection
1271,9,Timestamp-Dependency,code snippet injection
1250,5,Timestamp-Dependency,code snippet injection
1199,5,Timestamp-Dependency,code snippet injection
1166,4,Timestamp-Dependency,code snippet injection
1121,3,Timestamp-Dependency,code snippet injection
1086,9,Timestamp-Dependency,code snippet injection
1040,3,Timestamp-Dependency,code snippet injection
1009,4,Timestamp-Dependency,code snippet injection
961,4,Timestamp-Dependency,code snippet injection
928,4,Timestamp-Dependency,code snippet injection
871,9,Timestamp-Dependency,code snippet injection
836,5,Timestamp-Dependency,code snippet injection
785,9,Timestamp-Dependency,code snippet injection
745,4,Timestamp-Dependency,code snippet injection
734,4,Timestamp-Dependency,code snippet injection
575,5,Timestamp-Dependency,code snippet injection
487,5,Timestamp-Dependency,code snippet injection
1470,3,Timestamp-Dependency,code snippet injection
1460,9,Timestamp-Dependency,code snippet injection
1456,3,Timestamp-Dependency,code snippet injection
1451,3,Timestamp-Dependency,code snippet injection
695,9,Timestamp-Dependency,code snippet injection
684,9,Timestamp-Dependency,code snippet injection
680,3,Timestamp-Dependency,code snippet injection
