loc,length,bug type,approach
193,36,Timestamp-Dependency,code snippet injection
396,1,Timestamp-Dependency,code snippet injection
291,1,Timestamp-Dependency,code snippet injection
286,1,Timestamp-Dependency,code snippet injection
281,1,Timestamp-Dependency,code snippet injection
276,1,Timestamp-Dependency,code snippet injection
236,9,Timestamp-Dependency,code snippet injection
184,4,Timestamp-Dependency,code snippet injection
172,4,Timestamp-Dependency,code snippet injection
161,3,Timestamp-Dependency,code snippet injection
147,5,Timestamp-Dependency,code snippet injection
138,4,Timestamp-Dependency,code snippet injection
130,3,Timestamp-Dependency,code snippet injection
119,5,Timestamp-Dependency,code snippet injection
111,3,Timestamp-Dependency,code snippet injection
102,5,Timestamp-Dependency,code snippet injection
94,3,Timestamp-Dependency,code snippet injection
85,5,Timestamp-Dependency,code snippet injection
41,9,Timestamp-Dependency,code snippet injection
32,4,Timestamp-Dependency,code snippet injection
383,9,Timestamp-Dependency,code snippet injection
264,5,Timestamp-Dependency,code snippet injection
254,9,Timestamp-Dependency,code snippet injection
248,5,Timestamp-Dependency,code snippet injection
75,5,Timestamp-Dependency,code snippet injection
69,4,Timestamp-Dependency,code snippet injection
64,3,Timestamp-Dependency,code snippet injection
54,9,Timestamp-Dependency,code snippet injection
