loc,length,bug type,approach
704,36,Timestamp-Dependency,code snippet injection
402,1,Timestamp-Dependency,code snippet injection
400,1,Timestamp-Dependency,code snippet injection
183,1,Timestamp-Dependency,code snippet injection
96,1,Timestamp-Dependency,code snippet injection
1169,1,Timestamp-Dependency,code snippet injection
1854,9,Timestamp-Dependency,code snippet injection
1849,4,Timestamp-Dependency,code snippet injection
1841,4,Timestamp-Dependency,code snippet injection
1834,3,Timestamp-Dependency,code snippet injection
1817,5,Timestamp-Dependency,code snippet injection
1730,4,Timestamp-Dependency,code snippet injection
1699,3,Timestamp-Dependency,code snippet injection
1681,5,Timestamp-Dependency,code snippet injection
1612,3,Timestamp-Dependency,code snippet injection
1582,5,Timestamp-Dependency,code snippet injection
1574,3,Timestamp-Dependency,code snippet injection
1535,5,Timestamp-Dependency,code snippet injection
1520,9,Timestamp-Dependency,code snippet injection
1496,4,Timestamp-Dependency,code snippet injection
1479,9,Timestamp-Dependency,code snippet injection
1462,5,Timestamp-Dependency,code snippet injection
1432,9,Timestamp-Dependency,code snippet injection
1421,5,Timestamp-Dependency,code snippet injection
1391,5,Timestamp-Dependency,code snippet injection
1361,4,Timestamp-Dependency,code snippet injection
1345,3,Timestamp-Dependency,code snippet injection
1322,9,Timestamp-Dependency,code snippet injection
1305,3,Timestamp-Dependency,code snippet injection
1293,4,Timestamp-Dependency,code snippet injection
1283,4,Timestamp-Dependency,code snippet injection
1274,4,Timestamp-Dependency,code snippet injection
1260,9,Timestamp-Dependency,code snippet injection
1249,5,Timestamp-Dependency,code snippet injection
1236,9,Timestamp-Dependency,code snippet injection
1228,4,Timestamp-Dependency,code snippet injection
1220,4,Timestamp-Dependency,code snippet injection
1211,5,Timestamp-Dependency,code snippet injection
1202,5,Timestamp-Dependency,code snippet injection
1194,3,Timestamp-Dependency,code snippet injection
1178,9,Timestamp-Dependency,code snippet injection
1126,3,Timestamp-Dependency,code snippet injection
1119,3,Timestamp-Dependency,code snippet injection
1109,9,Timestamp-Dependency,code snippet injection
1099,9,Timestamp-Dependency,code snippet injection
1092,3,Timestamp-Dependency,code snippet injection
