loc,length,bug type,approach
903,36,Timestamp-Dependency,code snippet injection
876,1,Timestamp-Dependency,code snippet injection
857,1,Timestamp-Dependency,code snippet injection
840,1,Timestamp-Dependency,code snippet injection
823,1,Timestamp-Dependency,code snippet injection
811,1,Timestamp-Dependency,code snippet injection
781,9,Timestamp-Dependency,code snippet injection
756,4,Timestamp-Dependency,code snippet injection
733,4,Timestamp-Dependency,code snippet injection
705,3,Timestamp-Dependency,code snippet injection
681,5,Timestamp-Dependency,code snippet injection
660,4,Timestamp-Dependency,code snippet injection
639,3,Timestamp-Dependency,code snippet injection
622,5,Timestamp-Dependency,code snippet injection
612,3,Timestamp-Dependency,code snippet injection
594,5,Timestamp-Dependency,code snippet injection
584,3,Timestamp-Dependency,code snippet injection
572,5,Timestamp-Dependency,code snippet injection
546,9,Timestamp-Dependency,code snippet injection
534,4,Timestamp-Dependency,code snippet injection
518,9,Timestamp-Dependency,code snippet injection
61,5,Timestamp-Dependency,code snippet injection
47,9,Timestamp-Dependency,code snippet injection
892,5,Timestamp-Dependency,code snippet injection
886,5,Timestamp-Dependency,code snippet injection
881,4,Timestamp-Dependency,code snippet injection
499,3,Timestamp-Dependency,code snippet injection
489,9,Timestamp-Dependency,code snippet injection
485,3,Timestamp-Dependency,code snippet injection
479,4,Timestamp-Dependency,code snippet injection
473,4,Timestamp-Dependency,code snippet injection
467,4,Timestamp-Dependency,code snippet injection
