loc,length,bug type,approach
1332,36,Timestamp-Dependency,code snippet injection
1159,1,Timestamp-Dependency,code snippet injection
1157,1,Timestamp-Dependency,code snippet injection
1088,1,Timestamp-Dependency,code snippet injection
1086,1,Timestamp-Dependency,code snippet injection
959,1,Timestamp-Dependency,code snippet injection
949,9,Timestamp-Dependency,code snippet injection
871,4,Timestamp-Dependency,code snippet injection
866,4,Timestamp-Dependency,code snippet injection
806,3,Timestamp-Dependency,code snippet injection
758,5,Timestamp-Dependency,code snippet injection
753,4,Timestamp-Dependency,code snippet injection
727,3,Timestamp-Dependency,code snippet injection
679,5,Timestamp-Dependency,code snippet injection
675,3,Timestamp-Dependency,code snippet injection
130,5,Timestamp-Dependency,code snippet injection
126,3,Timestamp-Dependency,code snippet injection
1533,5,Timestamp-Dependency,code snippet injection
1513,9,Timestamp-Dependency,code snippet injection
1480,4,Timestamp-Dependency,code snippet injection
1457,9,Timestamp-Dependency,code snippet injection
1436,5,Timestamp-Dependency,code snippet injection
1410,9,Timestamp-Dependency,code snippet injection
1398,5,Timestamp-Dependency,code snippet injection
1379,5,Timestamp-Dependency,code snippet injection
1297,4,Timestamp-Dependency,code snippet injection
1278,3,Timestamp-Dependency,code snippet injection
1261,9,Timestamp-Dependency,code snippet injection
1251,3,Timestamp-Dependency,code snippet injection
1222,4,Timestamp-Dependency,code snippet injection
1211,4,Timestamp-Dependency,code snippet injection
1200,4,Timestamp-Dependency,code snippet injection
1183,9,Timestamp-Dependency,code snippet injection
1170,5,Timestamp-Dependency,code snippet injection
1137,9,Timestamp-Dependency,code snippet injection
1128,4,Timestamp-Dependency,code snippet injection
1119,4,Timestamp-Dependency,code snippet injection
1110,5,Timestamp-Dependency,code snippet injection
1101,5,Timestamp-Dependency,code snippet injection
1074,3,Timestamp-Dependency,code snippet injection
1053,9,Timestamp-Dependency,code snippet injection
1017,3,Timestamp-Dependency,code snippet injection
978,3,Timestamp-Dependency,code snippet injection
917,9,Timestamp-Dependency,code snippet injection
903,9,Timestamp-Dependency,code snippet injection
895,3,Timestamp-Dependency,code snippet injection
