loc,length,bug type,approach
1273,36,Timestamp-Dependency,code snippet injection
1262,1,Timestamp-Dependency,code snippet injection
1260,1,Timestamp-Dependency,code snippet injection
1161,1,Timestamp-Dependency,code snippet injection
1258,1,Timestamp-Dependency,code snippet injection
1161,1,Timestamp-Dependency,code snippet injection
1712,9,Timestamp-Dependency,code snippet injection
1703,4,Timestamp-Dependency,code snippet injection
1695,4,Timestamp-Dependency,code snippet injection
1673,3,Timestamp-Dependency,code snippet injection
1661,5,Timestamp-Dependency,code snippet injection
1653,4,Timestamp-Dependency,code snippet injection
1646,3,Timestamp-Dependency,code snippet injection
1614,5,Timestamp-Dependency,code snippet injection
1607,3,Timestamp-Dependency,code snippet injection
1596,5,Timestamp-Dependency,code snippet injection
1587,3,Timestamp-Dependency,code snippet injection
1558,5,Timestamp-Dependency,code snippet injection
1534,9,Timestamp-Dependency,code snippet injection
1522,4,Timestamp-Dependency,code snippet injection
1505,9,Timestamp-Dependency,code snippet injection
1493,5,Timestamp-Dependency,code snippet injection
1480,9,Timestamp-Dependency,code snippet injection
1467,5,Timestamp-Dependency,code snippet injection
1445,5,Timestamp-Dependency,code snippet injection
1428,4,Timestamp-Dependency,code snippet injection
1402,3,Timestamp-Dependency,code snippet injection
1377,9,Timestamp-Dependency,code snippet injection
1372,3,Timestamp-Dependency,code snippet injection
1181,4,Timestamp-Dependency,code snippet injection
1169,4,Timestamp-Dependency,code snippet injection
1248,4,Timestamp-Dependency,code snippet injection
1238,9,Timestamp-Dependency,code snippet injection
1230,5,Timestamp-Dependency,code snippet injection
1220,9,Timestamp-Dependency,code snippet injection
1214,4,Timestamp-Dependency,code snippet injection
1209,4,Timestamp-Dependency,code snippet injection
1203,5,Timestamp-Dependency,code snippet injection
1197,5,Timestamp-Dependency,code snippet injection
1193,3,Timestamp-Dependency,code snippet injection
1144,9,Timestamp-Dependency,code snippet injection
