loc,length,bug type,approach
354,36,Timestamp-Dependency,code snippet injection
347,1,Timestamp-Dependency,code snippet injection
338,1,Timestamp-Dependency,code snippet injection
322,1,Timestamp-Dependency,code snippet injection
285,1,Timestamp-Dependency,code snippet injection
263,1,Timestamp-Dependency,code snippet injection
250,9,Timestamp-Dependency,code snippet injection
241,4,Timestamp-Dependency,code snippet injection
214,4,Timestamp-Dependency,code snippet injection
197,3,Timestamp-Dependency,code snippet injection
178,5,Timestamp-Dependency,code snippet injection
158,4,Timestamp-Dependency,code snippet injection
135,3,Timestamp-Dependency,code snippet injection
123,5,Timestamp-Dependency,code snippet injection
118,3,Timestamp-Dependency,code snippet injection
111,5,Timestamp-Dependency,code snippet injection
106,3,Timestamp-Dependency,code snippet injection
100,5,Timestamp-Dependency,code snippet injection
90,9,Timestamp-Dependency,code snippet injection
85,4,Timestamp-Dependency,code snippet injection
