loc,length,bug type,approach
579,36,Timestamp-Dependency,code snippet injection
575,1,Timestamp-Dependency,code snippet injection
461,1,Timestamp-Dependency,code snippet injection
486,1,Timestamp-Dependency,code snippet injection
835,1,Timestamp-Dependency,code snippet injection
828,1,Timestamp-Dependency,code snippet injection
814,9,Timestamp-Dependency,code snippet injection
770,4,Timestamp-Dependency,code snippet injection
754,4,Timestamp-Dependency,code snippet injection
640,3,Timestamp-Dependency,code snippet injection
627,5,Timestamp-Dependency,code snippet injection
522,4,Timestamp-Dependency,code snippet injection
505,3,Timestamp-Dependency,code snippet injection
493,5,Timestamp-Dependency,code snippet injection
478,3,Timestamp-Dependency,code snippet injection
469,5,Timestamp-Dependency,code snippet injection
441,3,Timestamp-Dependency,code snippet injection
433,5,Timestamp-Dependency,code snippet injection
420,9,Timestamp-Dependency,code snippet injection
408,4,Timestamp-Dependency,code snippet injection
388,9,Timestamp-Dependency,code snippet injection
372,5,Timestamp-Dependency,code snippet injection
351,9,Timestamp-Dependency,code snippet injection
341,5,Timestamp-Dependency,code snippet injection
331,5,Timestamp-Dependency,code snippet injection
321,4,Timestamp-Dependency,code snippet injection
312,3,Timestamp-Dependency,code snippet injection
298,9,Timestamp-Dependency,code snippet injection
290,3,Timestamp-Dependency,code snippet injection
281,4,Timestamp-Dependency,code snippet injection
273,4,Timestamp-Dependency,code snippet injection
265,4,Timestamp-Dependency,code snippet injection
252,9,Timestamp-Dependency,code snippet injection
243,5,Timestamp-Dependency,code snippet injection
33,9,Timestamp-Dependency,code snippet injection
24,4,Timestamp-Dependency,code snippet injection
568,4,Timestamp-Dependency,code snippet injection
554,5,Timestamp-Dependency,code snippet injection
546,5,Timestamp-Dependency,code snippet injection
534,3,Timestamp-Dependency,code snippet injection
450,9,Timestamp-Dependency,code snippet injection
233,3,Timestamp-Dependency,code snippet injection
229,3,Timestamp-Dependency,code snippet injection
219,9,Timestamp-Dependency,code snippet injection
208,9,Timestamp-Dependency,code snippet injection
203,3,Timestamp-Dependency,code snippet injection
