loc,length,bug type,approach
586,36,Timestamp-Dependency,code snippet injection
577,1,Timestamp-Dependency,code snippet injection
570,1,Timestamp-Dependency,code snippet injection
564,1,Timestamp-Dependency,code snippet injection
113,1,Timestamp-Dependency,code snippet injection
106,1,Timestamp-Dependency,code snippet injection
551,9,Timestamp-Dependency,code snippet injection
536,4,Timestamp-Dependency,code snippet injection
516,4,Timestamp-Dependency,code snippet injection
500,3,Timestamp-Dependency,code snippet injection
482,5,Timestamp-Dependency,code snippet injection
465,4,Timestamp-Dependency,code snippet injection
435,3,Timestamp-Dependency,code snippet injection
412,5,Timestamp-Dependency,code snippet injection
393,3,Timestamp-Dependency,code snippet injection
354,5,Timestamp-Dependency,code snippet injection
342,3,Timestamp-Dependency,code snippet injection
251,5,Timestamp-Dependency,code snippet injection
226,9,Timestamp-Dependency,code snippet injection
210,4,Timestamp-Dependency,code snippet injection
175,9,Timestamp-Dependency,code snippet injection
150,5,Timestamp-Dependency,code snippet injection
130,9,Timestamp-Dependency,code snippet injection
106,5,Timestamp-Dependency,code snippet injection
100,5,Timestamp-Dependency,code snippet injection
95,4,Timestamp-Dependency,code snippet injection
91,3,Timestamp-Dependency,code snippet injection
81,9,Timestamp-Dependency,code snippet injection
77,3,Timestamp-Dependency,code snippet injection
61,4,Timestamp-Dependency,code snippet injection
51,4,Timestamp-Dependency,code snippet injection
42,4,Timestamp-Dependency,code snippet injection
26,9,Timestamp-Dependency,code snippet injection
375,5,Timestamp-Dependency,code snippet injection
365,9,Timestamp-Dependency,code snippet injection
360,4,Timestamp-Dependency,code snippet injection
328,4,Timestamp-Dependency,code snippet injection
317,5,Timestamp-Dependency,code snippet injection
307,5,Timestamp-Dependency,code snippet injection
299,3,Timestamp-Dependency,code snippet injection
270,9,Timestamp-Dependency,code snippet injection
261,3,Timestamp-Dependency,code snippet injection
