loc,length,bug type,approach
450,36,Timestamp-Dependency,code snippet injection
429,1,Timestamp-Dependency,code snippet injection
413,1,Timestamp-Dependency,code snippet injection
394,1,Timestamp-Dependency,code snippet injection
386,1,Timestamp-Dependency,code snippet injection
361,1,Timestamp-Dependency,code snippet injection
325,9,Timestamp-Dependency,code snippet injection
308,4,Timestamp-Dependency,code snippet injection
288,4,Timestamp-Dependency,code snippet injection
281,3,Timestamp-Dependency,code snippet injection
275,5,Timestamp-Dependency,code snippet injection
270,4,Timestamp-Dependency,code snippet injection
262,3,Timestamp-Dependency,code snippet injection
256,5,Timestamp-Dependency,code snippet injection
252,3,Timestamp-Dependency,code snippet injection
246,5,Timestamp-Dependency,code snippet injection
241,3,Timestamp-Dependency,code snippet injection
235,5,Timestamp-Dependency,code snippet injection
225,9,Timestamp-Dependency,code snippet injection
220,4,Timestamp-Dependency,code snippet injection
209,9,Timestamp-Dependency,code snippet injection
203,5,Timestamp-Dependency,code snippet injection
193,9,Timestamp-Dependency,code snippet injection
187,5,Timestamp-Dependency,code snippet injection
180,5,Timestamp-Dependency,code snippet injection
175,4,Timestamp-Dependency,code snippet injection
171,3,Timestamp-Dependency,code snippet injection
161,9,Timestamp-Dependency,code snippet injection
156,3,Timestamp-Dependency,code snippet injection
151,4,Timestamp-Dependency,code snippet injection
146,4,Timestamp-Dependency,code snippet injection
141,4,Timestamp-Dependency,code snippet injection
130,9,Timestamp-Dependency,code snippet injection
124,5,Timestamp-Dependency,code snippet injection
113,9,Timestamp-Dependency,code snippet injection
107,4,Timestamp-Dependency,code snippet injection
99,4,Timestamp-Dependency,code snippet injection
92,5,Timestamp-Dependency,code snippet injection
86,5,Timestamp-Dependency,code snippet injection
82,3,Timestamp-Dependency,code snippet injection
71,9,Timestamp-Dependency,code snippet injection
45,3,Timestamp-Dependency,code snippet injection
41,3,Timestamp-Dependency,code snippet injection
31,9,Timestamp-Dependency,code snippet injection
21,9,Timestamp-Dependency,code snippet injection
299,3,Timestamp-Dependency,code snippet injection
