loc,length,bug type,approach
115,36,Timestamp-Dependency,code snippet injection
99,1,Timestamp-Dependency,code snippet injection
75,1,Timestamp-Dependency,code snippet injection
490,1,Timestamp-Dependency,code snippet injection
485,1,Timestamp-Dependency,code snippet injection
480,1,Timestamp-Dependency,code snippet injection
465,9,Timestamp-Dependency,code snippet injection
415,4,Timestamp-Dependency,code snippet injection
402,4,Timestamp-Dependency,code snippet injection
394,3,Timestamp-Dependency,code snippet injection
382,5,Timestamp-Dependency,code snippet injection
371,4,Timestamp-Dependency,code snippet injection
363,3,Timestamp-Dependency,code snippet injection
350,5,Timestamp-Dependency,code snippet injection
343,3,Timestamp-Dependency,code snippet injection
313,5,Timestamp-Dependency,code snippet injection
301,3,Timestamp-Dependency,code snippet injection
269,5,Timestamp-Dependency,code snippet injection
233,9,Timestamp-Dependency,code snippet injection
200,4,Timestamp-Dependency,code snippet injection
105,9,Timestamp-Dependency,code snippet injection
81,5,Timestamp-Dependency,code snippet injection
61,9,Timestamp-Dependency,code snippet injection
190,5,Timestamp-Dependency,code snippet injection
184,5,Timestamp-Dependency,code snippet injection
179,4,Timestamp-Dependency,code snippet injection
175,3,Timestamp-Dependency,code snippet injection
163,9,Timestamp-Dependency,code snippet injection
159,3,Timestamp-Dependency,code snippet injection
154,4,Timestamp-Dependency,code snippet injection
89,4,Timestamp-Dependency,code snippet injection
51,4,Timestamp-Dependency,code snippet injection
41,9,Timestamp-Dependency,code snippet injection
