loc,length,bug type,approach
442,36,Timestamp-Dependency,code snippet injection
436,1,Timestamp-Dependency,code snippet injection
408,1,Timestamp-Dependency,code snippet injection
401,1,Timestamp-Dependency,code snippet injection
395,1,Timestamp-Dependency,code snippet injection
389,1,Timestamp-Dependency,code snippet injection
375,9,Timestamp-Dependency,code snippet injection
367,4,Timestamp-Dependency,code snippet injection
349,4,Timestamp-Dependency,code snippet injection
335,3,Timestamp-Dependency,code snippet injection
325,5,Timestamp-Dependency,code snippet injection
316,4,Timestamp-Dependency,code snippet injection
308,3,Timestamp-Dependency,code snippet injection
297,5,Timestamp-Dependency,code snippet injection
289,3,Timestamp-Dependency,code snippet injection
279,5,Timestamp-Dependency,code snippet injection
271,3,Timestamp-Dependency,code snippet injection
261,5,Timestamp-Dependency,code snippet injection
247,9,Timestamp-Dependency,code snippet injection
235,4,Timestamp-Dependency,code snippet injection
225,9,Timestamp-Dependency,code snippet injection
218,5,Timestamp-Dependency,code snippet injection
207,9,Timestamp-Dependency,code snippet injection
201,5,Timestamp-Dependency,code snippet injection
195,5,Timestamp-Dependency,code snippet injection
190,4,Timestamp-Dependency,code snippet injection
186,3,Timestamp-Dependency,code snippet injection
175,9,Timestamp-Dependency,code snippet injection
171,3,Timestamp-Dependency,code snippet injection
