loc,length,bug type,approach
37,36,Timestamp-Dependency,code snippet injection
181,1,Timestamp-Dependency,code snippet injection
87,1,Timestamp-Dependency,code snippet injection
363,1,Timestamp-Dependency,code snippet injection
357,1,Timestamp-Dependency,code snippet injection
351,1,Timestamp-Dependency,code snippet injection
337,9,Timestamp-Dependency,code snippet injection
328,4,Timestamp-Dependency,code snippet injection
319,4,Timestamp-Dependency,code snippet injection
306,3,Timestamp-Dependency,code snippet injection
296,5,Timestamp-Dependency,code snippet injection
287,4,Timestamp-Dependency,code snippet injection
279,3,Timestamp-Dependency,code snippet injection
269,5,Timestamp-Dependency,code snippet injection
261,3,Timestamp-Dependency,code snippet injection
246,5,Timestamp-Dependency,code snippet injection
238,3,Timestamp-Dependency,code snippet injection
228,5,Timestamp-Dependency,code snippet injection
214,9,Timestamp-Dependency,code snippet injection
205,4,Timestamp-Dependency,code snippet injection
191,9,Timestamp-Dependency,code snippet injection
111,5,Timestamp-Dependency,code snippet injection
92,9,Timestamp-Dependency,code snippet injection
77,5,Timestamp-Dependency,code snippet injection
152,5,Timestamp-Dependency,code snippet injection
147,4,Timestamp-Dependency,code snippet injection
143,3,Timestamp-Dependency,code snippet injection
133,9,Timestamp-Dependency,code snippet injection
129,3,Timestamp-Dependency,code snippet injection
124,4,Timestamp-Dependency,code snippet injection
31,4,Timestamp-Dependency,code snippet injection
26,4,Timestamp-Dependency,code snippet injection
