loc,length,bug type,approach
269,36,Timestamp-Dependency,code snippet injection
262,1,Timestamp-Dependency,code snippet injection
582,1,Timestamp-Dependency,code snippet injection
560,1,Timestamp-Dependency,code snippet injection
550,1,Timestamp-Dependency,code snippet injection
544,1,Timestamp-Dependency,code snippet injection
530,9,Timestamp-Dependency,code snippet injection
516,4,Timestamp-Dependency,code snippet injection
500,4,Timestamp-Dependency,code snippet injection
490,3,Timestamp-Dependency,code snippet injection
468,5,Timestamp-Dependency,code snippet injection
457,4,Timestamp-Dependency,code snippet injection
447,3,Timestamp-Dependency,code snippet injection
438,5,Timestamp-Dependency,code snippet injection
427,3,Timestamp-Dependency,code snippet injection
415,5,Timestamp-Dependency,code snippet injection
253,3,Timestamp-Dependency,code snippet injection
242,5,Timestamp-Dependency,code snippet injection
230,9,Timestamp-Dependency,code snippet injection
223,4,Timestamp-Dependency,code snippet injection
184,9,Timestamp-Dependency,code snippet injection
174,5,Timestamp-Dependency,code snippet injection
385,9,Timestamp-Dependency,code snippet injection
379,5,Timestamp-Dependency,code snippet injection
373,5,Timestamp-Dependency,code snippet injection
368,4,Timestamp-Dependency,code snippet injection
363,3,Timestamp-Dependency,code snippet injection
353,9,Timestamp-Dependency,code snippet injection
210,3,Timestamp-Dependency,code snippet injection
205,4,Timestamp-Dependency,code snippet injection
200,4,Timestamp-Dependency,code snippet injection
