loc,length,bug type,approach
892,36,Timestamp-Dependency,code snippet injection
841,1,Timestamp-Dependency,code snippet injection
848,1,Timestamp-Dependency,code snippet injection
972,1,Timestamp-Dependency,code snippet injection
967,1,Timestamp-Dependency,code snippet injection
962,1,Timestamp-Dependency,code snippet injection
945,9,Timestamp-Dependency,code snippet injection
936,4,Timestamp-Dependency,code snippet injection
856,4,Timestamp-Dependency,code snippet injection
837,3,Timestamp-Dependency,code snippet injection
818,5,Timestamp-Dependency,code snippet injection
803,4,Timestamp-Dependency,code snippet injection
779,3,Timestamp-Dependency,code snippet injection
755,5,Timestamp-Dependency,code snippet injection
735,3,Timestamp-Dependency,code snippet injection
707,5,Timestamp-Dependency,code snippet injection
685,3,Timestamp-Dependency,code snippet injection
663,5,Timestamp-Dependency,code snippet injection
636,9,Timestamp-Dependency,code snippet injection
620,4,Timestamp-Dependency,code snippet injection
604,9,Timestamp-Dependency,code snippet injection
586,5,Timestamp-Dependency,code snippet injection
570,9,Timestamp-Dependency,code snippet injection
506,5,Timestamp-Dependency,code snippet injection
496,5,Timestamp-Dependency,code snippet injection
487,4,Timestamp-Dependency,code snippet injection
327,3,Timestamp-Dependency,code snippet injection
302,9,Timestamp-Dependency,code snippet injection
291,3,Timestamp-Dependency,code snippet injection
280,4,Timestamp-Dependency,code snippet injection
886,4,Timestamp-Dependency,code snippet injection
881,4,Timestamp-Dependency,code snippet injection
870,9,Timestamp-Dependency,code snippet injection
827,5,Timestamp-Dependency,code snippet injection
553,9,Timestamp-Dependency,code snippet injection
547,4,Timestamp-Dependency,code snippet injection
541,4,Timestamp-Dependency,code snippet injection
263,5,Timestamp-Dependency,code snippet injection
257,5,Timestamp-Dependency,code snippet injection
253,3,Timestamp-Dependency,code snippet injection
