loc,length,bug type,approach
69,36,Timestamp-Dependency,code snippet injection
67,1,Timestamp-Dependency,code snippet injection
65,1,Timestamp-Dependency,code snippet injection
63,1,Timestamp-Dependency,code snippet injection
359,1,Timestamp-Dependency,code snippet injection
352,1,Timestamp-Dependency,code snippet injection
319,9,Timestamp-Dependency,code snippet injection
309,4,Timestamp-Dependency,code snippet injection
285,4,Timestamp-Dependency,code snippet injection
274,3,Timestamp-Dependency,code snippet injection
265,5,Timestamp-Dependency,code snippet injection
250,4,Timestamp-Dependency,code snippet injection
190,3,Timestamp-Dependency,code snippet injection
177,5,Timestamp-Dependency,code snippet injection
170,3,Timestamp-Dependency,code snippet injection
157,5,Timestamp-Dependency,code snippet injection
58,3,Timestamp-Dependency,code snippet injection
52,5,Timestamp-Dependency,code snippet injection
42,9,Timestamp-Dependency,code snippet injection
36,4,Timestamp-Dependency,code snippet injection
26,9,Timestamp-Dependency,code snippet injection
19,5,Timestamp-Dependency,code snippet injection
