loc,length,bug type,approach
504,36,Timestamp-Dependency,code snippet injection
680,1,Timestamp-Dependency,code snippet injection
674,1,Timestamp-Dependency,code snippet injection
668,1,Timestamp-Dependency,code snippet injection
577,1,Timestamp-Dependency,code snippet injection
911,1,Timestamp-Dependency,code snippet injection
887,9,Timestamp-Dependency,code snippet injection
868,4,Timestamp-Dependency,code snippet injection
851,4,Timestamp-Dependency,code snippet injection
827,3,Timestamp-Dependency,code snippet injection
806,5,Timestamp-Dependency,code snippet injection
786,4,Timestamp-Dependency,code snippet injection
768,3,Timestamp-Dependency,code snippet injection
738,5,Timestamp-Dependency,code snippet injection
711,3,Timestamp-Dependency,code snippet injection
695,5,Timestamp-Dependency,code snippet injection
685,3,Timestamp-Dependency,code snippet injection
609,5,Timestamp-Dependency,code snippet injection
590,9,Timestamp-Dependency,code snippet injection
565,4,Timestamp-Dependency,code snippet injection
549,9,Timestamp-Dependency,code snippet injection
473,5,Timestamp-Dependency,code snippet injection
459,9,Timestamp-Dependency,code snippet injection
655,5,Timestamp-Dependency,code snippet injection
648,5,Timestamp-Dependency,code snippet injection
643,4,Timestamp-Dependency,code snippet injection
626,3,Timestamp-Dependency,code snippet injection
493,9,Timestamp-Dependency,code snippet injection
