loc,length,bug type,approach
269,36,Timestamp-Dependency,code snippet injection
244,1,Timestamp-Dependency,code snippet injection
217,1,Timestamp-Dependency,code snippet injection
35,1,Timestamp-Dependency,code snippet injection
33,1,Timestamp-Dependency,code snippet injection
265,1,Timestamp-Dependency,code snippet injection
203,9,Timestamp-Dependency,code snippet injection
197,4,Timestamp-Dependency,code snippet injection
192,4,Timestamp-Dependency,code snippet injection
180,3,Timestamp-Dependency,code snippet injection
135,5,Timestamp-Dependency,code snippet injection
91,4,Timestamp-Dependency,code snippet injection
