loc,length,bug type,approach
201,36,Timestamp-Dependency,code snippet injection
199,1,Timestamp-Dependency,code snippet injection
197,1,Timestamp-Dependency,code snippet injection
195,1,Timestamp-Dependency,code snippet injection
193,1,Timestamp-Dependency,code snippet injection
191,1,Timestamp-Dependency,code snippet injection
423,9,Timestamp-Dependency,code snippet injection
414,4,Timestamp-Dependency,code snippet injection
383,4,Timestamp-Dependency,code snippet injection
371,3,Timestamp-Dependency,code snippet injection
355,5,Timestamp-Dependency,code snippet injection
338,4,Timestamp-Dependency,code snippet injection
327,3,Timestamp-Dependency,code snippet injection
313,5,Timestamp-Dependency,code snippet injection
307,3,Timestamp-Dependency,code snippet injection
291,5,Timestamp-Dependency,code snippet injection
286,3,Timestamp-Dependency,code snippet injection
280,5,Timestamp-Dependency,code snippet injection
270,9,Timestamp-Dependency,code snippet injection
265,4,Timestamp-Dependency,code snippet injection
254,9,Timestamp-Dependency,code snippet injection
248,5,Timestamp-Dependency,code snippet injection
238,9,Timestamp-Dependency,code snippet injection
