loc,length,bug type,approach
209,36,Timestamp-Dependency,code snippet injection
269,1,Timestamp-Dependency,code snippet injection
1380,1,Timestamp-Dependency,code snippet injection
1364,1,Timestamp-Dependency,code snippet injection
1355,1,Timestamp-Dependency,code snippet injection
1343,1,Timestamp-Dependency,code snippet injection
1328,9,Timestamp-Dependency,code snippet injection
1318,4,Timestamp-Dependency,code snippet injection
1308,4,Timestamp-Dependency,code snippet injection
1292,3,Timestamp-Dependency,code snippet injection
1278,5,Timestamp-Dependency,code snippet injection
1266,4,Timestamp-Dependency,code snippet injection
1254,3,Timestamp-Dependency,code snippet injection
1235,5,Timestamp-Dependency,code snippet injection
1217,3,Timestamp-Dependency,code snippet injection
1199,5,Timestamp-Dependency,code snippet injection
1184,3,Timestamp-Dependency,code snippet injection
1175,5,Timestamp-Dependency,code snippet injection
1159,9,Timestamp-Dependency,code snippet injection
1134,4,Timestamp-Dependency,code snippet injection
1120,9,Timestamp-Dependency,code snippet injection
1109,5,Timestamp-Dependency,code snippet injection
1095,9,Timestamp-Dependency,code snippet injection
1084,5,Timestamp-Dependency,code snippet injection
1071,5,Timestamp-Dependency,code snippet injection
1059,4,Timestamp-Dependency,code snippet injection
1050,3,Timestamp-Dependency,code snippet injection
1034,9,Timestamp-Dependency,code snippet injection
1025,3,Timestamp-Dependency,code snippet injection
1015,4,Timestamp-Dependency,code snippet injection
1006,4,Timestamp-Dependency,code snippet injection
997,4,Timestamp-Dependency,code snippet injection
981,9,Timestamp-Dependency,code snippet injection
876,5,Timestamp-Dependency,code snippet injection
851,9,Timestamp-Dependency,code snippet injection
836,4,Timestamp-Dependency,code snippet injection
811,4,Timestamp-Dependency,code snippet injection
785,5,Timestamp-Dependency,code snippet injection
761,5,Timestamp-Dependency,code snippet injection
733,3,Timestamp-Dependency,code snippet injection
705,9,Timestamp-Dependency,code snippet injection
685,3,Timestamp-Dependency,code snippet injection
664,3,Timestamp-Dependency,code snippet injection
643,9,Timestamp-Dependency,code snippet injection
627,9,Timestamp-Dependency,code snippet injection
611,3,Timestamp-Dependency,code snippet injection
