loc,length,bug type,approach
315,36,Timestamp-Dependency,code snippet injection
313,1,Timestamp-Dependency,code snippet injection
311,1,Timestamp-Dependency,code snippet injection
309,1,Timestamp-Dependency,code snippet injection
307,1,Timestamp-Dependency,code snippet injection
305,1,Timestamp-Dependency,code snippet injection
295,9,Timestamp-Dependency,code snippet injection
290,4,Timestamp-Dependency,code snippet injection
285,4,Timestamp-Dependency,code snippet injection
1232,3,Timestamp-Dependency,code snippet injection
1222,5,Timestamp-Dependency,code snippet injection
1213,4,Timestamp-Dependency,code snippet injection
1205,3,Timestamp-Dependency,code snippet injection
1195,5,Timestamp-Dependency,code snippet injection
1184,3,Timestamp-Dependency,code snippet injection
1170,5,Timestamp-Dependency,code snippet injection
1159,3,Timestamp-Dependency,code snippet injection
1128,5,Timestamp-Dependency,code snippet injection
1097,9,Timestamp-Dependency,code snippet injection
1055,4,Timestamp-Dependency,code snippet injection
1009,9,Timestamp-Dependency,code snippet injection
923,5,Timestamp-Dependency,code snippet injection
830,9,Timestamp-Dependency,code snippet injection
791,5,Timestamp-Dependency,code snippet injection
752,5,Timestamp-Dependency,code snippet injection
706,4,Timestamp-Dependency,code snippet injection
634,3,Timestamp-Dependency,code snippet injection
538,9,Timestamp-Dependency,code snippet injection
404,3,Timestamp-Dependency,code snippet injection
364,4,Timestamp-Dependency,code snippet injection
277,4,Timestamp-Dependency,code snippet injection
272,4,Timestamp-Dependency,code snippet injection
262,9,Timestamp-Dependency,code snippet injection
256,5,Timestamp-Dependency,code snippet injection
246,9,Timestamp-Dependency,code snippet injection
239,4,Timestamp-Dependency,code snippet injection
234,4,Timestamp-Dependency,code snippet injection
228,5,Timestamp-Dependency,code snippet injection
222,5,Timestamp-Dependency,code snippet injection
217,3,Timestamp-Dependency,code snippet injection
207,9,Timestamp-Dependency,code snippet injection
197,3,Timestamp-Dependency,code snippet injection
193,3,Timestamp-Dependency,code snippet injection
183,9,Timestamp-Dependency,code snippet injection
173,9,Timestamp-Dependency,code snippet injection
169,3,Timestamp-Dependency,code snippet injection
