loc,length,bug type,approach
453,36,Timestamp-Dependency,code snippet injection
451,1,Timestamp-Dependency,code snippet injection
378,1,Timestamp-Dependency,code snippet injection
373,1,Timestamp-Dependency,code snippet injection
191,1,Timestamp-Dependency,code snippet injection
26,1,Timestamp-Dependency,code snippet injection
662,9,Timestamp-Dependency,code snippet injection
617,4,Timestamp-Dependency,code snippet injection
602,4,Timestamp-Dependency,code snippet injection
588,3,Timestamp-Dependency,code snippet injection
572,5,Timestamp-Dependency,code snippet injection
556,4,Timestamp-Dependency,code snippet injection
533,3,Timestamp-Dependency,code snippet injection
520,5,Timestamp-Dependency,code snippet injection
439,3,Timestamp-Dependency,code snippet injection
424,5,Timestamp-Dependency,code snippet injection
413,3,Timestamp-Dependency,code snippet injection
389,5,Timestamp-Dependency,code snippet injection
345,9,Timestamp-Dependency,code snippet injection
315,4,Timestamp-Dependency,code snippet injection
284,9,Timestamp-Dependency,code snippet injection
262,5,Timestamp-Dependency,code snippet injection
238,9,Timestamp-Dependency,code snippet injection
182,5,Timestamp-Dependency,code snippet injection
175,5,Timestamp-Dependency,code snippet injection
168,4,Timestamp-Dependency,code snippet injection
153,3,Timestamp-Dependency,code snippet injection
135,9,Timestamp-Dependency,code snippet injection
117,3,Timestamp-Dependency,code snippet injection
26,4,Timestamp-Dependency,code snippet injection
21,4,Timestamp-Dependency,code snippet injection
16,4,Timestamp-Dependency,code snippet injection
647,9,Timestamp-Dependency,code snippet injection
641,5,Timestamp-Dependency,code snippet injection
631,9,Timestamp-Dependency,code snippet injection
626,4,Timestamp-Dependency,code snippet injection
490,4,Timestamp-Dependency,code snippet injection
365,5,Timestamp-Dependency,code snippet injection
206,5,Timestamp-Dependency,code snippet injection
106,3,Timestamp-Dependency,code snippet injection
95,9,Timestamp-Dependency,code snippet injection
