loc,length,bug type,approach
1066,36,Timestamp-Dependency,code snippet injection
1064,1,Timestamp-Dependency,code snippet injection
1062,1,Timestamp-Dependency,code snippet injection
505,1,Timestamp-Dependency,code snippet injection
539,1,Timestamp-Dependency,code snippet injection
1300,1,Timestamp-Dependency,code snippet injection
1281,9,Timestamp-Dependency,code snippet injection
1267,4,Timestamp-Dependency,code snippet injection
1249,4,Timestamp-Dependency,code snippet injection
1231,3,Timestamp-Dependency,code snippet injection
1209,5,Timestamp-Dependency,code snippet injection
1201,4,Timestamp-Dependency,code snippet injection
1190,3,Timestamp-Dependency,code snippet injection
1171,5,Timestamp-Dependency,code snippet injection
1153,3,Timestamp-Dependency,code snippet injection
1123,5,Timestamp-Dependency,code snippet injection
1116,3,Timestamp-Dependency,code snippet injection
982,5,Timestamp-Dependency,code snippet injection
966,9,Timestamp-Dependency,code snippet injection
946,4,Timestamp-Dependency,code snippet injection
926,9,Timestamp-Dependency,code snippet injection
900,5,Timestamp-Dependency,code snippet injection
870,9,Timestamp-Dependency,code snippet injection
846,5,Timestamp-Dependency,code snippet injection
816,5,Timestamp-Dependency,code snippet injection
793,4,Timestamp-Dependency,code snippet injection
773,3,Timestamp-Dependency,code snippet injection
746,9,Timestamp-Dependency,code snippet injection
731,3,Timestamp-Dependency,code snippet injection
720,4,Timestamp-Dependency,code snippet injection
703,4,Timestamp-Dependency,code snippet injection
692,4,Timestamp-Dependency,code snippet injection
676,9,Timestamp-Dependency,code snippet injection
654,5,Timestamp-Dependency,code snippet injection
637,9,Timestamp-Dependency,code snippet injection
626,4,Timestamp-Dependency,code snippet injection
567,4,Timestamp-Dependency,code snippet injection
552,5,Timestamp-Dependency,code snippet injection
526,5,Timestamp-Dependency,code snippet injection
516,3,Timestamp-Dependency,code snippet injection
40,9,Timestamp-Dependency,code snippet injection
32,3,Timestamp-Dependency,code snippet injection
1057,3,Timestamp-Dependency,code snippet injection
1046,9,Timestamp-Dependency,code snippet injection
1035,9,Timestamp-Dependency,code snippet injection
1030,3,Timestamp-Dependency,code snippet injection
