loc,length,bug type,approach
175,36,Timestamp-Dependency,code snippet injection
173,1,Timestamp-Dependency,code snippet injection
171,1,Timestamp-Dependency,code snippet injection
169,1,Timestamp-Dependency,code snippet injection
231,1,Timestamp-Dependency,code snippet injection
565,1,Timestamp-Dependency,code snippet injection
550,9,Timestamp-Dependency,code snippet injection
541,4,Timestamp-Dependency,code snippet injection
531,4,Timestamp-Dependency,code snippet injection
523,3,Timestamp-Dependency,code snippet injection
502,5,Timestamp-Dependency,code snippet injection
478,4,Timestamp-Dependency,code snippet injection
471,3,Timestamp-Dependency,code snippet injection
446,5,Timestamp-Dependency,code snippet injection
409,3,Timestamp-Dependency,code snippet injection
400,5,Timestamp-Dependency,code snippet injection
300,3,Timestamp-Dependency,code snippet injection
288,5,Timestamp-Dependency,code snippet injection
275,9,Timestamp-Dependency,code snippet injection
267,4,Timestamp-Dependency,code snippet injection
253,9,Timestamp-Dependency,code snippet injection
243,5,Timestamp-Dependency,code snippet injection
218,9,Timestamp-Dependency,code snippet injection
212,5,Timestamp-Dependency,code snippet injection
147,5,Timestamp-Dependency,code snippet injection
140,4,Timestamp-Dependency,code snippet injection
134,3,Timestamp-Dependency,code snippet injection
122,9,Timestamp-Dependency,code snippet injection
117,3,Timestamp-Dependency,code snippet injection
111,4,Timestamp-Dependency,code snippet injection
105,4,Timestamp-Dependency,code snippet injection
99,4,Timestamp-Dependency,code snippet injection
88,9,Timestamp-Dependency,code snippet injection
81,5,Timestamp-Dependency,code snippet injection
70,9,Timestamp-Dependency,code snippet injection
64,4,Timestamp-Dependency,code snippet injection
58,4,Timestamp-Dependency,code snippet injection
51,5,Timestamp-Dependency,code snippet injection
44,5,Timestamp-Dependency,code snippet injection
