loc,length,bug type,approach
929,36,Timestamp-Dependency,code snippet injection
927,1,Timestamp-Dependency,code snippet injection
793,1,Timestamp-Dependency,code snippet injection
791,1,Timestamp-Dependency,code snippet injection
300,1,Timestamp-Dependency,code snippet injection
806,1,Timestamp-Dependency,code snippet injection
2074,9,Timestamp-Dependency,code snippet injection
2059,4,Timestamp-Dependency,code snippet injection
2050,4,Timestamp-Dependency,code snippet injection
2027,3,Timestamp-Dependency,code snippet injection
2015,5,Timestamp-Dependency,code snippet injection
2003,4,Timestamp-Dependency,code snippet injection
1996,3,Timestamp-Dependency,code snippet injection
1979,5,Timestamp-Dependency,code snippet injection
1963,3,Timestamp-Dependency,code snippet injection
1950,5,Timestamp-Dependency,code snippet injection
1936,3,Timestamp-Dependency,code snippet injection
1926,5,Timestamp-Dependency,code snippet injection
1909,9,Timestamp-Dependency,code snippet injection
1898,4,Timestamp-Dependency,code snippet injection
1883,9,Timestamp-Dependency,code snippet injection
1866,5,Timestamp-Dependency,code snippet injection
1837,9,Timestamp-Dependency,code snippet injection
1803,5,Timestamp-Dependency,code snippet injection
1794,5,Timestamp-Dependency,code snippet injection
1775,4,Timestamp-Dependency,code snippet injection
1738,3,Timestamp-Dependency,code snippet injection
1567,9,Timestamp-Dependency,code snippet injection
1555,3,Timestamp-Dependency,code snippet injection
1542,4,Timestamp-Dependency,code snippet injection
1530,4,Timestamp-Dependency,code snippet injection
1518,4,Timestamp-Dependency,code snippet injection
1501,9,Timestamp-Dependency,code snippet injection
1490,5,Timestamp-Dependency,code snippet injection
1465,9,Timestamp-Dependency,code snippet injection
1448,4,Timestamp-Dependency,code snippet injection
1437,4,Timestamp-Dependency,code snippet injection
1424,5,Timestamp-Dependency,code snippet injection
1374,5,Timestamp-Dependency,code snippet injection
1365,3,Timestamp-Dependency,code snippet injection
1349,9,Timestamp-Dependency,code snippet injection
1338,3,Timestamp-Dependency,code snippet injection
1325,3,Timestamp-Dependency,code snippet injection
1298,9,Timestamp-Dependency,code snippet injection
978,9,Timestamp-Dependency,code snippet injection
974,3,Timestamp-Dependency,code snippet injection
