loc,length,bug type,approach
786,36,Timestamp-Dependency,code snippet injection
780,1,Timestamp-Dependency,code snippet injection
774,1,Timestamp-Dependency,code snippet injection
769,1,Timestamp-Dependency,code snippet injection
764,1,Timestamp-Dependency,code snippet injection
759,1,Timestamp-Dependency,code snippet injection
746,9,Timestamp-Dependency,code snippet injection
738,4,Timestamp-Dependency,code snippet injection
721,4,Timestamp-Dependency,code snippet injection
695,3,Timestamp-Dependency,code snippet injection
682,5,Timestamp-Dependency,code snippet injection
666,4,Timestamp-Dependency,code snippet injection
645,3,Timestamp-Dependency,code snippet injection
631,5,Timestamp-Dependency,code snippet injection
612,3,Timestamp-Dependency,code snippet injection
602,5,Timestamp-Dependency,code snippet injection
594,3,Timestamp-Dependency,code snippet injection
584,5,Timestamp-Dependency,code snippet injection
571,9,Timestamp-Dependency,code snippet injection
560,4,Timestamp-Dependency,code snippet injection
550,9,Timestamp-Dependency,code snippet injection
544,5,Timestamp-Dependency,code snippet injection
533,9,Timestamp-Dependency,code snippet injection
527,5,Timestamp-Dependency,code snippet injection
520,5,Timestamp-Dependency,code snippet injection
515,4,Timestamp-Dependency,code snippet injection
