loc,length,bug type,approach
870,36,Timestamp-Dependency,code snippet injection
103,1,Timestamp-Dependency,code snippet injection
100,1,Timestamp-Dependency,code snippet injection
1151,1,Timestamp-Dependency,code snippet injection
1144,1,Timestamp-Dependency,code snippet injection
1135,1,Timestamp-Dependency,code snippet injection
1118,9,Timestamp-Dependency,code snippet injection
1108,4,Timestamp-Dependency,code snippet injection
1098,4,Timestamp-Dependency,code snippet injection
1087,3,Timestamp-Dependency,code snippet injection
1077,5,Timestamp-Dependency,code snippet injection
1059,4,Timestamp-Dependency,code snippet injection
971,3,Timestamp-Dependency,code snippet injection
962,5,Timestamp-Dependency,code snippet injection
955,3,Timestamp-Dependency,code snippet injection
930,5,Timestamp-Dependency,code snippet injection
923,3,Timestamp-Dependency,code snippet injection
908,5,Timestamp-Dependency,code snippet injection
856,9,Timestamp-Dependency,code snippet injection
845,4,Timestamp-Dependency,code snippet injection
827,9,Timestamp-Dependency,code snippet injection
818,5,Timestamp-Dependency,code snippet injection
805,9,Timestamp-Dependency,code snippet injection
785,5,Timestamp-Dependency,code snippet injection
762,5,Timestamp-Dependency,code snippet injection
748,4,Timestamp-Dependency,code snippet injection
737,3,Timestamp-Dependency,code snippet injection
716,9,Timestamp-Dependency,code snippet injection
703,3,Timestamp-Dependency,code snippet injection
697,4,Timestamp-Dependency,code snippet injection
684,4,Timestamp-Dependency,code snippet injection
670,4,Timestamp-Dependency,code snippet injection
630,9,Timestamp-Dependency,code snippet injection
623,5,Timestamp-Dependency,code snippet injection
610,9,Timestamp-Dependency,code snippet injection
592,4,Timestamp-Dependency,code snippet injection
586,4,Timestamp-Dependency,code snippet injection
579,5,Timestamp-Dependency,code snippet injection
545,5,Timestamp-Dependency,code snippet injection
527,3,Timestamp-Dependency,code snippet injection
509,9,Timestamp-Dependency,code snippet injection
497,3,Timestamp-Dependency,code snippet injection
483,3,Timestamp-Dependency,code snippet injection
472,9,Timestamp-Dependency,code snippet injection
458,9,Timestamp-Dependency,code snippet injection
450,3,Timestamp-Dependency,code snippet injection
