loc,length,bug type,approach
412,36,Timestamp-Dependency,code snippet injection
405,1,Timestamp-Dependency,code snippet injection
398,1,Timestamp-Dependency,code snippet injection
390,1,Timestamp-Dependency,code snippet injection
127,1,Timestamp-Dependency,code snippet injection
120,1,Timestamp-Dependency,code snippet injection
695,9,Timestamp-Dependency,code snippet injection
686,4,Timestamp-Dependency,code snippet injection
678,4,Timestamp-Dependency,code snippet injection
667,3,Timestamp-Dependency,code snippet injection
649,5,Timestamp-Dependency,code snippet injection
626,4,Timestamp-Dependency,code snippet injection
611,3,Timestamp-Dependency,code snippet injection
591,5,Timestamp-Dependency,code snippet injection
576,3,Timestamp-Dependency,code snippet injection
557,5,Timestamp-Dependency,code snippet injection
540,3,Timestamp-Dependency,code snippet injection
502,5,Timestamp-Dependency,code snippet injection
464,9,Timestamp-Dependency,code snippet injection
361,4,Timestamp-Dependency,code snippet injection
348,9,Timestamp-Dependency,code snippet injection
339,5,Timestamp-Dependency,code snippet injection
323,9,Timestamp-Dependency,code snippet injection
314,5,Timestamp-Dependency,code snippet injection
281,5,Timestamp-Dependency,code snippet injection
273,4,Timestamp-Dependency,code snippet injection
255,3,Timestamp-Dependency,code snippet injection
236,9,Timestamp-Dependency,code snippet injection
217,3,Timestamp-Dependency,code snippet injection
191,4,Timestamp-Dependency,code snippet injection
186,4,Timestamp-Dependency,code snippet injection
179,4,Timestamp-Dependency,code snippet injection
168,9,Timestamp-Dependency,code snippet injection
161,5,Timestamp-Dependency,code snippet injection
150,9,Timestamp-Dependency,code snippet injection
144,4,Timestamp-Dependency,code snippet injection
138,4,Timestamp-Dependency,code snippet injection
131,5,Timestamp-Dependency,code snippet injection
104,5,Timestamp-Dependency,code snippet injection
97,3,Timestamp-Dependency,code snippet injection
84,9,Timestamp-Dependency,code snippet injection
77,3,Timestamp-Dependency,code snippet injection
70,3,Timestamp-Dependency,code snippet injection
14,9,Timestamp-Dependency,code snippet injection
374,9,Timestamp-Dependency,code snippet injection
370,3,Timestamp-Dependency,code snippet injection
