loc,length,bug type,approach
360,36,Timestamp-Dependency,code snippet injection
354,1,Timestamp-Dependency,code snippet injection
348,1,Timestamp-Dependency,code snippet injection
342,1,Timestamp-Dependency,code snippet injection
336,1,Timestamp-Dependency,code snippet injection
231,1,Timestamp-Dependency,code snippet injection
219,9,Timestamp-Dependency,code snippet injection
212,4,Timestamp-Dependency,code snippet injection
205,4,Timestamp-Dependency,code snippet injection
174,3,Timestamp-Dependency,code snippet injection
162,5,Timestamp-Dependency,code snippet injection
151,4,Timestamp-Dependency,code snippet injection
141,3,Timestamp-Dependency,code snippet injection
128,5,Timestamp-Dependency,code snippet injection
121,3,Timestamp-Dependency,code snippet injection
112,5,Timestamp-Dependency,code snippet injection
104,3,Timestamp-Dependency,code snippet injection
95,5,Timestamp-Dependency,code snippet injection
83,9,Timestamp-Dependency,code snippet injection
75,4,Timestamp-Dependency,code snippet injection
63,9,Timestamp-Dependency,code snippet injection
34,5,Timestamp-Dependency,code snippet injection
20,9,Timestamp-Dependency,code snippet injection
326,5,Timestamp-Dependency,code snippet injection
320,5,Timestamp-Dependency,code snippet injection
194,4,Timestamp-Dependency,code snippet injection
190,3,Timestamp-Dependency,code snippet injection
180,9,Timestamp-Dependency,code snippet injection
56,3,Timestamp-Dependency,code snippet injection
50,4,Timestamp-Dependency,code snippet injection
44,4,Timestamp-Dependency,code snippet injection
