loc,length,bug type,approach
90,36,Timestamp-Dependency,code snippet injection
83,1,Timestamp-Dependency,code snippet injection
75,1,Timestamp-Dependency,code snippet injection
65,1,Timestamp-Dependency,code snippet injection
87,1,Timestamp-Dependency,code snippet injection
72,1,Timestamp-Dependency,code snippet injection
50,9,Timestamp-Dependency,code snippet injection
45,4,Timestamp-Dependency,code snippet injection
39,4,Timestamp-Dependency,code snippet injection
35,3,Timestamp-Dependency,code snippet injection
29,5,Timestamp-Dependency,code snippet injection
23,4,Timestamp-Dependency,code snippet injection
19,3,Timestamp-Dependency,code snippet injection
13,5,Timestamp-Dependency,code snippet injection
9,3,Timestamp-Dependency,code snippet injection
