loc,length,bug type,approach
334,36,Timestamp-Dependency,code snippet injection
223,1,Timestamp-Dependency,code snippet injection
131,1,Timestamp-Dependency,code snippet injection
122,1,Timestamp-Dependency,code snippet injection
658,1,Timestamp-Dependency,code snippet injection
614,1,Timestamp-Dependency,code snippet injection
546,9,Timestamp-Dependency,code snippet injection
522,4,Timestamp-Dependency,code snippet injection
492,4,Timestamp-Dependency,code snippet injection
469,3,Timestamp-Dependency,code snippet injection
449,5,Timestamp-Dependency,code snippet injection
430,4,Timestamp-Dependency,code snippet injection
408,3,Timestamp-Dependency,code snippet injection
392,5,Timestamp-Dependency,code snippet injection
327,3,Timestamp-Dependency,code snippet injection
305,5,Timestamp-Dependency,code snippet injection
285,3,Timestamp-Dependency,code snippet injection
272,5,Timestamp-Dependency,code snippet injection
254,9,Timestamp-Dependency,code snippet injection
243,4,Timestamp-Dependency,code snippet injection
230,9,Timestamp-Dependency,code snippet injection
201,5,Timestamp-Dependency,code snippet injection
179,9,Timestamp-Dependency,code snippet injection
159,5,Timestamp-Dependency,code snippet injection
150,5,Timestamp-Dependency,code snippet injection
142,4,Timestamp-Dependency,code snippet injection
136,3,Timestamp-Dependency,code snippet injection
105,9,Timestamp-Dependency,code snippet injection
78,3,Timestamp-Dependency,code snippet injection
70,4,Timestamp-Dependency,code snippet injection
65,4,Timestamp-Dependency,code snippet injection
60,4,Timestamp-Dependency,code snippet injection
50,9,Timestamp-Dependency,code snippet injection
44,5,Timestamp-Dependency,code snippet injection
34,9,Timestamp-Dependency,code snippet injection
26,4,Timestamp-Dependency,code snippet injection
21,4,Timestamp-Dependency,code snippet injection
15,5,Timestamp-Dependency,code snippet injection
9,5,Timestamp-Dependency,code snippet injection
569,3,Timestamp-Dependency,code snippet injection
559,9,Timestamp-Dependency,code snippet injection
375,3,Timestamp-Dependency,code snippet injection
371,3,Timestamp-Dependency,code snippet injection
209,9,Timestamp-Dependency,code snippet injection
90,9,Timestamp-Dependency,code snippet injection
86,3,Timestamp-Dependency,code snippet injection
