loc,length,bug type,approach
286,36,Timestamp-Dependency,code snippet injection
209,1,Timestamp-Dependency,code snippet injection
16,1,Timestamp-Dependency,code snippet injection
168,1,Timestamp-Dependency,code snippet injection
40,1,Timestamp-Dependency,code snippet injection
490,1,Timestamp-Dependency,code snippet injection
472,9,Timestamp-Dependency,code snippet injection
463,4,Timestamp-Dependency,code snippet injection
449,4,Timestamp-Dependency,code snippet injection
442,3,Timestamp-Dependency,code snippet injection
382,5,Timestamp-Dependency,code snippet injection
357,4,Timestamp-Dependency,code snippet injection
346,3,Timestamp-Dependency,code snippet injection
275,5,Timestamp-Dependency,code snippet injection
259,3,Timestamp-Dependency,code snippet injection
226,5,Timestamp-Dependency,code snippet injection
215,3,Timestamp-Dependency,code snippet injection
200,5,Timestamp-Dependency,code snippet injection
108,9,Timestamp-Dependency,code snippet injection
100,4,Timestamp-Dependency,code snippet injection
86,9,Timestamp-Dependency,code snippet injection
49,5,Timestamp-Dependency,code snippet injection
24,9,Timestamp-Dependency,code snippet injection
334,5,Timestamp-Dependency,code snippet injection
328,5,Timestamp-Dependency,code snippet injection
190,4,Timestamp-Dependency,code snippet injection
186,3,Timestamp-Dependency,code snippet injection
176,9,Timestamp-Dependency,code snippet injection
170,3,Timestamp-Dependency,code snippet injection
9,4,Timestamp-Dependency,code snippet injection
