loc,length,bug type,approach
3004,36,Timestamp-Dependency,code snippet injection
2548,1,Timestamp-Dependency,code snippet injection
2546,1,Timestamp-Dependency,code snippet injection
2540,1,Timestamp-Dependency,code snippet injection
2538,1,Timestamp-Dependency,code snippet injection
742,1,Timestamp-Dependency,code snippet injection
3078,9,Timestamp-Dependency,code snippet injection
3067,4,Timestamp-Dependency,code snippet injection
3049,4,Timestamp-Dependency,code snippet injection
2993,3,Timestamp-Dependency,code snippet injection
2980,5,Timestamp-Dependency,code snippet injection
2953,4,Timestamp-Dependency,code snippet injection
2937,3,Timestamp-Dependency,code snippet injection
2918,5,Timestamp-Dependency,code snippet injection
2909,3,Timestamp-Dependency,code snippet injection
2893,5,Timestamp-Dependency,code snippet injection
2879,3,Timestamp-Dependency,code snippet injection
2855,5,Timestamp-Dependency,code snippet injection
2838,9,Timestamp-Dependency,code snippet injection
2821,4,Timestamp-Dependency,code snippet injection
2804,9,Timestamp-Dependency,code snippet injection
2778,5,Timestamp-Dependency,code snippet injection
2743,9,Timestamp-Dependency,code snippet injection
2712,5,Timestamp-Dependency,code snippet injection
2693,5,Timestamp-Dependency,code snippet injection
2677,4,Timestamp-Dependency,code snippet injection
2658,3,Timestamp-Dependency,code snippet injection
2642,9,Timestamp-Dependency,code snippet injection
2630,3,Timestamp-Dependency,code snippet injection
2608,4,Timestamp-Dependency,code snippet injection
2575,4,Timestamp-Dependency,code snippet injection
2567,4,Timestamp-Dependency,code snippet injection
2528,9,Timestamp-Dependency,code snippet injection
2509,5,Timestamp-Dependency,code snippet injection
2495,9,Timestamp-Dependency,code snippet injection
817,4,Timestamp-Dependency,code snippet injection
803,4,Timestamp-Dependency,code snippet injection
778,5,Timestamp-Dependency,code snippet injection
765,5,Timestamp-Dependency,code snippet injection
753,3,Timestamp-Dependency,code snippet injection
714,9,Timestamp-Dependency,code snippet injection
706,3,Timestamp-Dependency,code snippet injection
698,3,Timestamp-Dependency,code snippet injection
684,9,Timestamp-Dependency,code snippet injection
653,9,Timestamp-Dependency,code snippet injection
2999,3,Timestamp-Dependency,code snippet injection
