loc,length,bug type,approach
165,36,Timestamp-Dependency,code snippet injection
36,1,Timestamp-Dependency,code snippet injection
25,1,Timestamp-Dependency,code snippet injection
333,1,Timestamp-Dependency,code snippet injection
300,1,Timestamp-Dependency,code snippet injection
288,1,Timestamp-Dependency,code snippet injection
273,9,Timestamp-Dependency,code snippet injection
265,4,Timestamp-Dependency,code snippet injection
255,4,Timestamp-Dependency,code snippet injection
233,3,Timestamp-Dependency,code snippet injection
165,5,Timestamp-Dependency,code snippet injection
160,4,Timestamp-Dependency,code snippet injection
156,3,Timestamp-Dependency,code snippet injection
147,5,Timestamp-Dependency,code snippet injection
140,3,Timestamp-Dependency,code snippet injection
120,5,Timestamp-Dependency,code snippet injection
105,3,Timestamp-Dependency,code snippet injection
96,5,Timestamp-Dependency,code snippet injection
25,9,Timestamp-Dependency,code snippet injection
20,4,Timestamp-Dependency,code snippet injection
10,9,Timestamp-Dependency,code snippet injection
322,5,Timestamp-Dependency,code snippet injection
312,9,Timestamp-Dependency,code snippet injection
306,5,Timestamp-Dependency,code snippet injection
211,5,Timestamp-Dependency,code snippet injection
86,4,Timestamp-Dependency,code snippet injection
82,3,Timestamp-Dependency,code snippet injection
72,9,Timestamp-Dependency,code snippet injection
