loc,length,bug type,approach
186,36,Timestamp-Dependency,code snippet injection
383,1,Timestamp-Dependency,code snippet injection
288,1,Timestamp-Dependency,code snippet injection
283,1,Timestamp-Dependency,code snippet injection
278,1,Timestamp-Dependency,code snippet injection
273,1,Timestamp-Dependency,code snippet injection
229,9,Timestamp-Dependency,code snippet injection
177,4,Timestamp-Dependency,code snippet injection
165,4,Timestamp-Dependency,code snippet injection
154,3,Timestamp-Dependency,code snippet injection
140,5,Timestamp-Dependency,code snippet injection
131,4,Timestamp-Dependency,code snippet injection
123,3,Timestamp-Dependency,code snippet injection
112,5,Timestamp-Dependency,code snippet injection
104,3,Timestamp-Dependency,code snippet injection
95,5,Timestamp-Dependency,code snippet injection
87,3,Timestamp-Dependency,code snippet injection
78,5,Timestamp-Dependency,code snippet injection
38,9,Timestamp-Dependency,code snippet injection
29,4,Timestamp-Dependency,code snippet injection
257,9,Timestamp-Dependency,code snippet injection
251,5,Timestamp-Dependency,code snippet injection
241,9,Timestamp-Dependency,code snippet injection
68,5,Timestamp-Dependency,code snippet injection
61,5,Timestamp-Dependency,code snippet injection
55,4,Timestamp-Dependency,code snippet injection
51,3,Timestamp-Dependency,code snippet injection
