loc,length,bug type,approach
406,36,Timestamp-Dependency,code snippet injection
400,1,Timestamp-Dependency,code snippet injection
395,1,Timestamp-Dependency,code snippet injection
389,1,Timestamp-Dependency,code snippet injection
383,1,Timestamp-Dependency,code snippet injection
377,1,Timestamp-Dependency,code snippet injection
364,9,Timestamp-Dependency,code snippet injection
355,4,Timestamp-Dependency,code snippet injection
243,4,Timestamp-Dependency,code snippet injection
237,3,Timestamp-Dependency,code snippet injection
229,5,Timestamp-Dependency,code snippet injection
222,4,Timestamp-Dependency,code snippet injection
196,3,Timestamp-Dependency,code snippet injection
184,5,Timestamp-Dependency,code snippet injection
174,3,Timestamp-Dependency,code snippet injection
162,5,Timestamp-Dependency,code snippet injection
150,3,Timestamp-Dependency,code snippet injection
141,5,Timestamp-Dependency,code snippet injection
128,9,Timestamp-Dependency,code snippet injection
118,4,Timestamp-Dependency,code snippet injection
105,9,Timestamp-Dependency,code snippet injection
97,5,Timestamp-Dependency,code snippet injection
83,9,Timestamp-Dependency,code snippet injection
75,5,Timestamp-Dependency,code snippet injection
39,5,Timestamp-Dependency,code snippet injection
30,4,Timestamp-Dependency,code snippet injection
345,3,Timestamp-Dependency,code snippet injection
335,9,Timestamp-Dependency,code snippet injection
212,3,Timestamp-Dependency,code snippet injection
207,4,Timestamp-Dependency,code snippet injection
202,4,Timestamp-Dependency,code snippet injection
67,4,Timestamp-Dependency,code snippet injection
56,9,Timestamp-Dependency,code snippet injection
49,5,Timestamp-Dependency,code snippet injection
