loc,length,bug type,approach
387,36,Timestamp-Dependency,code snippet injection
285,1,Timestamp-Dependency,code snippet injection
453,1,Timestamp-Dependency,code snippet injection
612,1,Timestamp-Dependency,code snippet injection
595,1,Timestamp-Dependency,code snippet injection
583,1,Timestamp-Dependency,code snippet injection
562,9,Timestamp-Dependency,code snippet injection
547,4,Timestamp-Dependency,code snippet injection
520,4,Timestamp-Dependency,code snippet injection
508,3,Timestamp-Dependency,code snippet injection
489,5,Timestamp-Dependency,code snippet injection
478,4,Timestamp-Dependency,code snippet injection
468,3,Timestamp-Dependency,code snippet injection
361,5,Timestamp-Dependency,code snippet injection
341,3,Timestamp-Dependency,code snippet injection
327,5,Timestamp-Dependency,code snippet injection
313,3,Timestamp-Dependency,code snippet injection
113,5,Timestamp-Dependency,code snippet injection
95,9,Timestamp-Dependency,code snippet injection
84,4,Timestamp-Dependency,code snippet injection
37,9,Timestamp-Dependency,code snippet injection
27,5,Timestamp-Dependency,code snippet injection
430,9,Timestamp-Dependency,code snippet injection
294,5,Timestamp-Dependency,code snippet injection
