loc,length,bug type,approach
2762,36,Timestamp-Dependency,code snippet injection
2759,1,Timestamp-Dependency,code snippet injection
2752,1,Timestamp-Dependency,code snippet injection
2745,1,Timestamp-Dependency,code snippet injection
1621,1,Timestamp-Dependency,code snippet injection
1619,1,Timestamp-Dependency,code snippet injection
1609,9,Timestamp-Dependency,code snippet injection
1604,4,Timestamp-Dependency,code snippet injection
1598,4,Timestamp-Dependency,code snippet injection
1589,3,Timestamp-Dependency,code snippet injection
1578,5,Timestamp-Dependency,code snippet injection
1568,4,Timestamp-Dependency,code snippet injection
899,3,Timestamp-Dependency,code snippet injection
893,5,Timestamp-Dependency,code snippet injection
889,3,Timestamp-Dependency,code snippet injection
883,5,Timestamp-Dependency,code snippet injection
879,3,Timestamp-Dependency,code snippet injection
873,5,Timestamp-Dependency,code snippet injection
863,9,Timestamp-Dependency,code snippet injection
245,4,Timestamp-Dependency,code snippet injection
234,9,Timestamp-Dependency,code snippet injection
146,5,Timestamp-Dependency,code snippet injection
2971,9,Timestamp-Dependency,code snippet injection
2956,5,Timestamp-Dependency,code snippet injection
2919,5,Timestamp-Dependency,code snippet injection
2900,4,Timestamp-Dependency,code snippet injection
2878,3,Timestamp-Dependency,code snippet injection
2845,9,Timestamp-Dependency,code snippet injection
2719,3,Timestamp-Dependency,code snippet injection
2707,4,Timestamp-Dependency,code snippet injection
2695,4,Timestamp-Dependency,code snippet injection
2683,4,Timestamp-Dependency,code snippet injection
2658,9,Timestamp-Dependency,code snippet injection
2641,5,Timestamp-Dependency,code snippet injection
2597,9,Timestamp-Dependency,code snippet injection
2584,4,Timestamp-Dependency,code snippet injection
2571,4,Timestamp-Dependency,code snippet injection
2558,5,Timestamp-Dependency,code snippet injection
2544,5,Timestamp-Dependency,code snippet injection
2532,3,Timestamp-Dependency,code snippet injection
2513,9,Timestamp-Dependency,code snippet injection
2499,3,Timestamp-Dependency,code snippet injection
2487,3,Timestamp-Dependency,code snippet injection
2461,9,Timestamp-Dependency,code snippet injection
2443,9,Timestamp-Dependency,code snippet injection
2430,3,Timestamp-Dependency,code snippet injection
