loc,length,bug type,approach
342,36,Timestamp-Dependency,code snippet injection
291,1,Timestamp-Dependency,code snippet injection
314,1,Timestamp-Dependency,code snippet injection
597,1,Timestamp-Dependency,code snippet injection
585,1,Timestamp-Dependency,code snippet injection
568,1,Timestamp-Dependency,code snippet injection
555,9,Timestamp-Dependency,code snippet injection
531,4,Timestamp-Dependency,code snippet injection
508,4,Timestamp-Dependency,code snippet injection
501,3,Timestamp-Dependency,code snippet injection
480,5,Timestamp-Dependency,code snippet injection
326,4,Timestamp-Dependency,code snippet injection
302,3,Timestamp-Dependency,code snippet injection
571,5,Timestamp-Dependency,code snippet injection
465,3,Timestamp-Dependency,code snippet injection
459,5,Timestamp-Dependency,code snippet injection
455,3,Timestamp-Dependency,code snippet injection
449,5,Timestamp-Dependency,code snippet injection
438,9,Timestamp-Dependency,code snippet injection
432,4,Timestamp-Dependency,code snippet injection
421,9,Timestamp-Dependency,code snippet injection
413,5,Timestamp-Dependency,code snippet injection
401,9,Timestamp-Dependency,code snippet injection
393,5,Timestamp-Dependency,code snippet injection
387,5,Timestamp-Dependency,code snippet injection
380,4,Timestamp-Dependency,code snippet injection
285,3,Timestamp-Dependency,code snippet injection
