loc,length,bug type,approach
2137,36,Timestamp-Dependency,code snippet injection
2134,1,Timestamp-Dependency,code snippet injection
2131,1,Timestamp-Dependency,code snippet injection
2128,1,Timestamp-Dependency,code snippet injection
2125,1,Timestamp-Dependency,code snippet injection
2122,1,Timestamp-Dependency,code snippet injection
2111,9,Timestamp-Dependency,code snippet injection
1438,4,Timestamp-Dependency,code snippet injection
1432,4,Timestamp-Dependency,code snippet injection
1427,3,Timestamp-Dependency,code snippet injection
1420,5,Timestamp-Dependency,code snippet injection
1414,4,Timestamp-Dependency,code snippet injection
1409,3,Timestamp-Dependency,code snippet injection
1402,5,Timestamp-Dependency,code snippet injection
1397,3,Timestamp-Dependency,code snippet injection
1390,5,Timestamp-Dependency,code snippet injection
1385,3,Timestamp-Dependency,code snippet injection
2904,5,Timestamp-Dependency,code snippet injection
2883,9,Timestamp-Dependency,code snippet injection
2860,4,Timestamp-Dependency,code snippet injection
2832,9,Timestamp-Dependency,code snippet injection
2802,5,Timestamp-Dependency,code snippet injection
2782,9,Timestamp-Dependency,code snippet injection
2772,5,Timestamp-Dependency,code snippet injection
2744,5,Timestamp-Dependency,code snippet injection
2734,4,Timestamp-Dependency,code snippet injection
2714,3,Timestamp-Dependency,code snippet injection
2687,9,Timestamp-Dependency,code snippet injection
2679,3,Timestamp-Dependency,code snippet injection
2668,4,Timestamp-Dependency,code snippet injection
2642,4,Timestamp-Dependency,code snippet injection
2633,4,Timestamp-Dependency,code snippet injection
2592,9,Timestamp-Dependency,code snippet injection
2560,5,Timestamp-Dependency,code snippet injection
2532,9,Timestamp-Dependency,code snippet injection
2511,4,Timestamp-Dependency,code snippet injection
2458,4,Timestamp-Dependency,code snippet injection
2421,5,Timestamp-Dependency,code snippet injection
2411,5,Timestamp-Dependency,code snippet injection
2403,3,Timestamp-Dependency,code snippet injection
2386,9,Timestamp-Dependency,code snippet injection
2374,3,Timestamp-Dependency,code snippet injection
2366,3,Timestamp-Dependency,code snippet injection
2351,9,Timestamp-Dependency,code snippet injection
2336,9,Timestamp-Dependency,code snippet injection
2327,3,Timestamp-Dependency,code snippet injection
