loc,length,bug type,approach
203,36,Timestamp-Dependency,code snippet injection
262,1,Timestamp-Dependency,code snippet injection
256,1,Timestamp-Dependency,code snippet injection
488,1,Timestamp-Dependency,code snippet injection
486,1,Timestamp-Dependency,code snippet injection
482,1,Timestamp-Dependency,code snippet injection
463,9,Timestamp-Dependency,code snippet injection
444,4,Timestamp-Dependency,code snippet injection
422,4,Timestamp-Dependency,code snippet injection
414,3,Timestamp-Dependency,code snippet injection
400,5,Timestamp-Dependency,code snippet injection
391,4,Timestamp-Dependency,code snippet injection
384,3,Timestamp-Dependency,code snippet injection
375,5,Timestamp-Dependency,code snippet injection
367,3,Timestamp-Dependency,code snippet injection
356,5,Timestamp-Dependency,code snippet injection
347,3,Timestamp-Dependency,code snippet injection
329,5,Timestamp-Dependency,code snippet injection
315,9,Timestamp-Dependency,code snippet injection
306,4,Timestamp-Dependency,code snippet injection
293,9,Timestamp-Dependency,code snippet injection
284,5,Timestamp-Dependency,code snippet injection
269,9,Timestamp-Dependency,code snippet injection
246,5,Timestamp-Dependency,code snippet injection
196,5,Timestamp-Dependency,code snippet injection
190,4,Timestamp-Dependency,code snippet injection
186,3,Timestamp-Dependency,code snippet injection
176,9,Timestamp-Dependency,code snippet injection
172,3,Timestamp-Dependency,code snippet injection
165,4,Timestamp-Dependency,code snippet injection
160,4,Timestamp-Dependency,code snippet injection
152,4,Timestamp-Dependency,code snippet injection
140,9,Timestamp-Dependency,code snippet injection
132,5,Timestamp-Dependency,code snippet injection
122,9,Timestamp-Dependency,code snippet injection
115,4,Timestamp-Dependency,code snippet injection
110,4,Timestamp-Dependency,code snippet injection
104,5,Timestamp-Dependency,code snippet injection
97,5,Timestamp-Dependency,code snippet injection
93,3,Timestamp-Dependency,code snippet injection
83,9,Timestamp-Dependency,code snippet injection
77,3,Timestamp-Dependency,code snippet injection
73,3,Timestamp-Dependency,code snippet injection
62,9,Timestamp-Dependency,code snippet injection
