loc,length,bug type,approach
491,36,Timestamp-Dependency,code snippet injection
624,1,Timestamp-Dependency,code snippet injection
618,1,Timestamp-Dependency,code snippet injection
559,1,Timestamp-Dependency,code snippet injection
651,1,Timestamp-Dependency,code snippet injection
644,1,Timestamp-Dependency,code snippet injection
631,9,Timestamp-Dependency,code snippet injection
586,4,Timestamp-Dependency,code snippet injection
572,4,Timestamp-Dependency,code snippet injection
548,3,Timestamp-Dependency,code snippet injection
536,5,Timestamp-Dependency,code snippet injection
464,4,Timestamp-Dependency,code snippet injection
456,3,Timestamp-Dependency,code snippet injection
607,5,Timestamp-Dependency,code snippet injection
602,3,Timestamp-Dependency,code snippet injection
484,5,Timestamp-Dependency,code snippet injection
