loc,length,bug type,approach
1519,36,Timestamp-Dependency,code snippet injection
1517,1,Timestamp-Dependency,code snippet injection
1515,1,Timestamp-Dependency,code snippet injection
1513,1,Timestamp-Dependency,code snippet injection
1511,1,Timestamp-Dependency,code snippet injection
1509,1,Timestamp-Dependency,code snippet injection
2002,9,Timestamp-Dependency,code snippet injection
1995,4,Timestamp-Dependency,code snippet injection
1988,4,Timestamp-Dependency,code snippet injection
1980,3,Timestamp-Dependency,code snippet injection
1960,5,Timestamp-Dependency,code snippet injection
1951,4,Timestamp-Dependency,code snippet injection
1941,3,Timestamp-Dependency,code snippet injection
1931,5,Timestamp-Dependency,code snippet injection
1923,3,Timestamp-Dependency,code snippet injection
1895,5,Timestamp-Dependency,code snippet injection
1863,3,Timestamp-Dependency,code snippet injection
1855,5,Timestamp-Dependency,code snippet injection
1841,9,Timestamp-Dependency,code snippet injection
1830,4,Timestamp-Dependency,code snippet injection
1777,9,Timestamp-Dependency,code snippet injection
1722,5,Timestamp-Dependency,code snippet injection
1669,9,Timestamp-Dependency,code snippet injection
1654,5,Timestamp-Dependency,code snippet injection
1644,5,Timestamp-Dependency,code snippet injection
1636,4,Timestamp-Dependency,code snippet injection
1627,3,Timestamp-Dependency,code snippet injection
1613,9,Timestamp-Dependency,code snippet injection
1596,3,Timestamp-Dependency,code snippet injection
1585,4,Timestamp-Dependency,code snippet injection
1472,4,Timestamp-Dependency,code snippet injection
1455,4,Timestamp-Dependency,code snippet injection
1439,9,Timestamp-Dependency,code snippet injection
1389,5,Timestamp-Dependency,code snippet injection
1336,9,Timestamp-Dependency,code snippet injection
1294,4,Timestamp-Dependency,code snippet injection
1267,4,Timestamp-Dependency,code snippet injection
1235,5,Timestamp-Dependency,code snippet injection
1206,5,Timestamp-Dependency,code snippet injection
1199,3,Timestamp-Dependency,code snippet injection
1147,9,Timestamp-Dependency,code snippet injection
1132,3,Timestamp-Dependency,code snippet injection
1117,3,Timestamp-Dependency,code snippet injection
1089,9,Timestamp-Dependency,code snippet injection
1055,9,Timestamp-Dependency,code snippet injection
1048,3,Timestamp-Dependency,code snippet injection
