loc,length,bug type,approach
170,36,Timestamp-Dependency,code snippet injection
31,1,Timestamp-Dependency,code snippet injection
103,1,Timestamp-Dependency,code snippet injection
52,1,Timestamp-Dependency,code snippet injection
349,1,Timestamp-Dependency,code snippet injection
344,1,Timestamp-Dependency,code snippet injection
283,9,Timestamp-Dependency,code snippet injection
271,4,Timestamp-Dependency,code snippet injection
262,4,Timestamp-Dependency,code snippet injection
255,3,Timestamp-Dependency,code snippet injection
244,5,Timestamp-Dependency,code snippet injection
237,4,Timestamp-Dependency,code snippet injection
231,3,Timestamp-Dependency,code snippet injection
223,5,Timestamp-Dependency,code snippet injection
213,3,Timestamp-Dependency,code snippet injection
94,5,Timestamp-Dependency,code snippet injection
90,3,Timestamp-Dependency,code snippet injection
154,5,Timestamp-Dependency,code snippet injection
144,9,Timestamp-Dependency,code snippet injection
139,4,Timestamp-Dependency,code snippet injection
129,9,Timestamp-Dependency,code snippet injection
123,5,Timestamp-Dependency,code snippet injection
112,9,Timestamp-Dependency,code snippet injection
83,5,Timestamp-Dependency,code snippet injection
