loc,length,bug type,approach
15,36,Timestamp-Dependency,code snippet injection
68,1,Timestamp-Dependency,code snippet injection
59,1,Timestamp-Dependency,code snippet injection
284,1,Timestamp-Dependency,code snippet injection
279,1,Timestamp-Dependency,code snippet injection
274,1,Timestamp-Dependency,code snippet injection
261,9,Timestamp-Dependency,code snippet injection
253,4,Timestamp-Dependency,code snippet injection
245,4,Timestamp-Dependency,code snippet injection
238,3,Timestamp-Dependency,code snippet injection
229,5,Timestamp-Dependency,code snippet injection
215,4,Timestamp-Dependency,code snippet injection
207,3,Timestamp-Dependency,code snippet injection
183,5,Timestamp-Dependency,code snippet injection
176,3,Timestamp-Dependency,code snippet injection
98,5,Timestamp-Dependency,code snippet injection
86,3,Timestamp-Dependency,code snippet injection
73,5,Timestamp-Dependency,code snippet injection
158,9,Timestamp-Dependency,code snippet injection
153,4,Timestamp-Dependency,code snippet injection
142,9,Timestamp-Dependency,code snippet injection
136,5,Timestamp-Dependency,code snippet injection
125,9,Timestamp-Dependency,code snippet injection
118,5,Timestamp-Dependency,code snippet injection
110,5,Timestamp-Dependency,code snippet injection
9,4,Timestamp-Dependency,code snippet injection
5,3,Timestamp-Dependency,code snippet injection
