loc,length,bug type,approach
631,36,Timestamp-Dependency,code snippet injection
629,1,Timestamp-Dependency,code snippet injection
573,1,Timestamp-Dependency,code snippet injection
571,1,Timestamp-Dependency,code snippet injection
456,1,Timestamp-Dependency,code snippet injection
454,1,Timestamp-Dependency,code snippet injection
367,9,Timestamp-Dependency,code snippet injection
185,4,Timestamp-Dependency,code snippet injection
176,4,Timestamp-Dependency,code snippet injection
825,3,Timestamp-Dependency,code snippet injection
816,5,Timestamp-Dependency,code snippet injection
808,4,Timestamp-Dependency,code snippet injection
801,3,Timestamp-Dependency,code snippet injection
783,5,Timestamp-Dependency,code snippet injection
756,3,Timestamp-Dependency,code snippet injection
735,5,Timestamp-Dependency,code snippet injection
710,3,Timestamp-Dependency,code snippet injection
697,5,Timestamp-Dependency,code snippet injection
678,9,Timestamp-Dependency,code snippet injection
615,4,Timestamp-Dependency,code snippet injection
602,9,Timestamp-Dependency,code snippet injection
591,5,Timestamp-Dependency,code snippet injection
552,9,Timestamp-Dependency,code snippet injection
542,5,Timestamp-Dependency,code snippet injection
527,5,Timestamp-Dependency,code snippet injection
508,4,Timestamp-Dependency,code snippet injection
496,3,Timestamp-Dependency,code snippet injection
478,9,Timestamp-Dependency,code snippet injection
434,3,Timestamp-Dependency,code snippet injection
424,4,Timestamp-Dependency,code snippet injection
416,4,Timestamp-Dependency,code snippet injection
403,4,Timestamp-Dependency,code snippet injection
382,9,Timestamp-Dependency,code snippet injection
350,5,Timestamp-Dependency,code snippet injection
337,9,Timestamp-Dependency,code snippet injection
329,4,Timestamp-Dependency,code snippet injection
317,4,Timestamp-Dependency,code snippet injection
311,5,Timestamp-Dependency,code snippet injection
305,5,Timestamp-Dependency,code snippet injection
297,3,Timestamp-Dependency,code snippet injection
280,9,Timestamp-Dependency,code snippet injection
274,3,Timestamp-Dependency,code snippet injection
263,3,Timestamp-Dependency,code snippet injection
238,9,Timestamp-Dependency,code snippet injection
219,9,Timestamp-Dependency,code snippet injection
207,3,Timestamp-Dependency,code snippet injection
