loc,length,bug type,approach
236,36,Timestamp-Dependency,code snippet injection
468,1,Timestamp-Dependency,code snippet injection
453,1,Timestamp-Dependency,code snippet injection
391,1,Timestamp-Dependency,code snippet injection
379,1,Timestamp-Dependency,code snippet injection
371,1,Timestamp-Dependency,code snippet injection
358,9,Timestamp-Dependency,code snippet injection
347,4,Timestamp-Dependency,code snippet injection
339,4,Timestamp-Dependency,code snippet injection
332,3,Timestamp-Dependency,code snippet injection
321,5,Timestamp-Dependency,code snippet injection
312,4,Timestamp-Dependency,code snippet injection
304,3,Timestamp-Dependency,code snippet injection
294,5,Timestamp-Dependency,code snippet injection
284,3,Timestamp-Dependency,code snippet injection
275,5,Timestamp-Dependency,code snippet injection
226,3,Timestamp-Dependency,code snippet injection
214,5,Timestamp-Dependency,code snippet injection
204,9,Timestamp-Dependency,code snippet injection
199,4,Timestamp-Dependency,code snippet injection
189,9,Timestamp-Dependency,code snippet injection
183,5,Timestamp-Dependency,code snippet injection
173,9,Timestamp-Dependency,code snippet injection
167,5,Timestamp-Dependency,code snippet injection
161,5,Timestamp-Dependency,code snippet injection
152,4,Timestamp-Dependency,code snippet injection
148,3,Timestamp-Dependency,code snippet injection
138,9,Timestamp-Dependency,code snippet injection
