loc,length,bug type,approach
997,36,Timestamp-Dependency,code snippet injection
995,1,Timestamp-Dependency,code snippet injection
993,1,Timestamp-Dependency,code snippet injection
991,1,Timestamp-Dependency,code snippet injection
989,1,Timestamp-Dependency,code snippet injection
982,1,Timestamp-Dependency,code snippet injection
969,9,Timestamp-Dependency,code snippet injection
949,4,Timestamp-Dependency,code snippet injection
659,4,Timestamp-Dependency,code snippet injection
531,3,Timestamp-Dependency,code snippet injection
517,5,Timestamp-Dependency,code snippet injection
493,4,Timestamp-Dependency,code snippet injection
480,3,Timestamp-Dependency,code snippet injection
436,5,Timestamp-Dependency,code snippet injection
424,3,Timestamp-Dependency,code snippet injection
362,5,Timestamp-Dependency,code snippet injection
350,3,Timestamp-Dependency,code snippet injection
344,5,Timestamp-Dependency,code snippet injection
334,9,Timestamp-Dependency,code snippet injection
329,4,Timestamp-Dependency,code snippet injection
319,9,Timestamp-Dependency,code snippet injection
313,5,Timestamp-Dependency,code snippet injection
303,9,Timestamp-Dependency,code snippet injection
297,5,Timestamp-Dependency,code snippet injection
290,5,Timestamp-Dependency,code snippet injection
285,4,Timestamp-Dependency,code snippet injection
281,3,Timestamp-Dependency,code snippet injection
271,9,Timestamp-Dependency,code snippet injection
267,3,Timestamp-Dependency,code snippet injection
262,4,Timestamp-Dependency,code snippet injection
257,4,Timestamp-Dependency,code snippet injection
252,4,Timestamp-Dependency,code snippet injection
242,9,Timestamp-Dependency,code snippet injection
236,5,Timestamp-Dependency,code snippet injection
226,9,Timestamp-Dependency,code snippet injection
221,4,Timestamp-Dependency,code snippet injection
216,4,Timestamp-Dependency,code snippet injection
210,5,Timestamp-Dependency,code snippet injection
204,5,Timestamp-Dependency,code snippet injection
200,3,Timestamp-Dependency,code snippet injection
190,9,Timestamp-Dependency,code snippet injection
186,3,Timestamp-Dependency,code snippet injection
182,3,Timestamp-Dependency,code snippet injection
172,9,Timestamp-Dependency,code snippet injection
90,9,Timestamp-Dependency,code snippet injection
66,3,Timestamp-Dependency,code snippet injection
