loc,length,bug type,approach
806,36,Timestamp-Dependency,code snippet injection
804,1,Timestamp-Dependency,code snippet injection
798,1,Timestamp-Dependency,code snippet injection
796,1,Timestamp-Dependency,code snippet injection
587,1,Timestamp-Dependency,code snippet injection
623,1,Timestamp-Dependency,code snippet injection
1149,9,Timestamp-Dependency,code snippet injection
1136,4,Timestamp-Dependency,code snippet injection
1122,4,Timestamp-Dependency,code snippet injection
1109,3,Timestamp-Dependency,code snippet injection
1085,5,Timestamp-Dependency,code snippet injection
1058,4,Timestamp-Dependency,code snippet injection
1030,3,Timestamp-Dependency,code snippet injection
1017,5,Timestamp-Dependency,code snippet injection
990,3,Timestamp-Dependency,code snippet injection
963,5,Timestamp-Dependency,code snippet injection
956,3,Timestamp-Dependency,code snippet injection
936,5,Timestamp-Dependency,code snippet injection
891,9,Timestamp-Dependency,code snippet injection
883,4,Timestamp-Dependency,code snippet injection
854,9,Timestamp-Dependency,code snippet injection
658,5,Timestamp-Dependency,code snippet injection
636,9,Timestamp-Dependency,code snippet injection
610,5,Timestamp-Dependency,code snippet injection
598,5,Timestamp-Dependency,code snippet injection
36,4,Timestamp-Dependency,code snippet injection
28,3,Timestamp-Dependency,code snippet injection
785,9,Timestamp-Dependency,code snippet injection
781,3,Timestamp-Dependency,code snippet injection
776,4,Timestamp-Dependency,code snippet injection
771,4,Timestamp-Dependency,code snippet injection
766,4,Timestamp-Dependency,code snippet injection
755,9,Timestamp-Dependency,code snippet injection
748,5,Timestamp-Dependency,code snippet injection
737,9,Timestamp-Dependency,code snippet injection
731,4,Timestamp-Dependency,code snippet injection
726,4,Timestamp-Dependency,code snippet injection
718,5,Timestamp-Dependency,code snippet injection
710,5,Timestamp-Dependency,code snippet injection
705,3,Timestamp-Dependency,code snippet injection
694,9,Timestamp-Dependency,code snippet injection
689,3,Timestamp-Dependency,code snippet injection
579,3,Timestamp-Dependency,code snippet injection
