loc,length,bug type,approach
1538,36,Timestamp-Dependency,code snippet injection
58,1,Timestamp-Dependency,code snippet injection
51,1,Timestamp-Dependency,code snippet injection
1751,1,Timestamp-Dependency,code snippet injection
1736,1,Timestamp-Dependency,code snippet injection
1591,1,Timestamp-Dependency,code snippet injection
1486,9,Timestamp-Dependency,code snippet injection
1472,4,Timestamp-Dependency,code snippet injection
1458,4,Timestamp-Dependency,code snippet injection
1445,3,Timestamp-Dependency,code snippet injection
1430,5,Timestamp-Dependency,code snippet injection
1416,4,Timestamp-Dependency,code snippet injection
1403,3,Timestamp-Dependency,code snippet injection
1388,5,Timestamp-Dependency,code snippet injection
1375,3,Timestamp-Dependency,code snippet injection
1360,5,Timestamp-Dependency,code snippet injection
1347,3,Timestamp-Dependency,code snippet injection
1332,5,Timestamp-Dependency,code snippet injection
1313,9,Timestamp-Dependency,code snippet injection
1299,4,Timestamp-Dependency,code snippet injection
1280,9,Timestamp-Dependency,code snippet injection
1265,5,Timestamp-Dependency,code snippet injection
1246,9,Timestamp-Dependency,code snippet injection
1231,5,Timestamp-Dependency,code snippet injection
983,5,Timestamp-Dependency,code snippet injection
134,4,Timestamp-Dependency,code snippet injection
123,3,Timestamp-Dependency,code snippet injection
107,9,Timestamp-Dependency,code snippet injection
97,3,Timestamp-Dependency,code snippet injection
85,4,Timestamp-Dependency,code snippet injection
68,4,Timestamp-Dependency,code snippet injection
1518,4,Timestamp-Dependency,code snippet injection
1121,9,Timestamp-Dependency,code snippet injection
1114,5,Timestamp-Dependency,code snippet injection
1103,9,Timestamp-Dependency,code snippet injection
1097,4,Timestamp-Dependency,code snippet injection
1091,4,Timestamp-Dependency,code snippet injection
1084,5,Timestamp-Dependency,code snippet injection
1077,5,Timestamp-Dependency,code snippet injection
1072,3,Timestamp-Dependency,code snippet injection
1059,9,Timestamp-Dependency,code snippet injection
1054,3,Timestamp-Dependency,code snippet injection
1049,3,Timestamp-Dependency,code snippet injection
1038,9,Timestamp-Dependency,code snippet injection
1027,9,Timestamp-Dependency,code snippet injection
1020,3,Timestamp-Dependency,code snippet injection
