loc,length,bug type,approach
1197,36,Timestamp-Dependency,code snippet injection
1192,1,Timestamp-Dependency,code snippet injection
1184,1,Timestamp-Dependency,code snippet injection
1141,1,Timestamp-Dependency,code snippet injection
1133,1,Timestamp-Dependency,code snippet injection
1128,1,Timestamp-Dependency,code snippet injection
1104,9,Timestamp-Dependency,code snippet injection
1096,4,Timestamp-Dependency,code snippet injection
1085,4,Timestamp-Dependency,code snippet injection
1076,3,Timestamp-Dependency,code snippet injection
1066,5,Timestamp-Dependency,code snippet injection
1057,4,Timestamp-Dependency,code snippet injection
1049,3,Timestamp-Dependency,code snippet injection
1039,5,Timestamp-Dependency,code snippet injection
1031,3,Timestamp-Dependency,code snippet injection
1021,5,Timestamp-Dependency,code snippet injection
1013,3,Timestamp-Dependency,code snippet injection
1003,5,Timestamp-Dependency,code snippet injection
988,9,Timestamp-Dependency,code snippet injection
872,4,Timestamp-Dependency,code snippet injection
847,9,Timestamp-Dependency,code snippet injection
831,5,Timestamp-Dependency,code snippet injection
801,9,Timestamp-Dependency,code snippet injection
775,5,Timestamp-Dependency,code snippet injection
751,5,Timestamp-Dependency,code snippet injection
722,4,Timestamp-Dependency,code snippet injection
700,3,Timestamp-Dependency,code snippet injection
674,9,Timestamp-Dependency,code snippet injection
653,3,Timestamp-Dependency,code snippet injection
637,4,Timestamp-Dependency,code snippet injection
626,4,Timestamp-Dependency,code snippet injection
609,4,Timestamp-Dependency,code snippet injection
593,9,Timestamp-Dependency,code snippet injection
581,5,Timestamp-Dependency,code snippet injection
555,9,Timestamp-Dependency,code snippet injection
543,4,Timestamp-Dependency,code snippet injection
532,4,Timestamp-Dependency,code snippet injection
473,5,Timestamp-Dependency,code snippet injection
463,5,Timestamp-Dependency,code snippet injection
973,3,Timestamp-Dependency,code snippet injection
963,9,Timestamp-Dependency,code snippet injection
958,3,Timestamp-Dependency,code snippet injection
953,3,Timestamp-Dependency,code snippet injection
943,9,Timestamp-Dependency,code snippet injection
932,9,Timestamp-Dependency,code snippet injection
928,3,Timestamp-Dependency,code snippet injection
