loc,length,bug type,approach
80,36,Timestamp-Dependency,code snippet injection
63,1,Timestamp-Dependency,code snippet injection
61,1,Timestamp-Dependency,code snippet injection
130,1,Timestamp-Dependency,code snippet injection
460,1,Timestamp-Dependency,code snippet injection
456,1,Timestamp-Dependency,code snippet injection
443,9,Timestamp-Dependency,code snippet injection
431,4,Timestamp-Dependency,code snippet injection
419,4,Timestamp-Dependency,code snippet injection
413,3,Timestamp-Dependency,code snippet injection
404,5,Timestamp-Dependency,code snippet injection
376,4,Timestamp-Dependency,code snippet injection
280,3,Timestamp-Dependency,code snippet injection
272,5,Timestamp-Dependency,code snippet injection
263,3,Timestamp-Dependency,code snippet injection
255,5,Timestamp-Dependency,code snippet injection
245,3,Timestamp-Dependency,code snippet injection
235,5,Timestamp-Dependency,code snippet injection
220,9,Timestamp-Dependency,code snippet injection
213,4,Timestamp-Dependency,code snippet injection
200,9,Timestamp-Dependency,code snippet injection
150,5,Timestamp-Dependency,code snippet injection
135,9,Timestamp-Dependency,code snippet injection
120,5,Timestamp-Dependency,code snippet injection
69,5,Timestamp-Dependency,code snippet injection
56,4,Timestamp-Dependency,code snippet injection
52,3,Timestamp-Dependency,code snippet injection
42,9,Timestamp-Dependency,code snippet injection
38,3,Timestamp-Dependency,code snippet injection
33,4,Timestamp-Dependency,code snippet injection
28,4,Timestamp-Dependency,code snippet injection
356,4,Timestamp-Dependency,code snippet injection
346,9,Timestamp-Dependency,code snippet injection
340,5,Timestamp-Dependency,code snippet injection
330,9,Timestamp-Dependency,code snippet injection
325,4,Timestamp-Dependency,code snippet injection
320,4,Timestamp-Dependency,code snippet injection
312,5,Timestamp-Dependency,code snippet injection
306,5,Timestamp-Dependency,code snippet injection
302,3,Timestamp-Dependency,code snippet injection
292,9,Timestamp-Dependency,code snippet injection
288,3,Timestamp-Dependency,code snippet injection
187,3,Timestamp-Dependency,code snippet injection
177,9,Timestamp-Dependency,code snippet injection
166,9,Timestamp-Dependency,code snippet injection
162,3,Timestamp-Dependency,code snippet injection
