loc,length,bug type,approach
1007,36,Timestamp-Dependency,code snippet injection
1005,1,Timestamp-Dependency,code snippet injection
1003,1,Timestamp-Dependency,code snippet injection
926,1,Timestamp-Dependency,code snippet injection
924,1,Timestamp-Dependency,code snippet injection
731,1,Timestamp-Dependency,code snippet injection
721,9,Timestamp-Dependency,code snippet injection
716,4,Timestamp-Dependency,code snippet injection
711,4,Timestamp-Dependency,code snippet injection
1185,3,Timestamp-Dependency,code snippet injection
1152,5,Timestamp-Dependency,code snippet injection
1090,4,Timestamp-Dependency,code snippet injection
1069,3,Timestamp-Dependency,code snippet injection
997,5,Timestamp-Dependency,code snippet injection
953,3,Timestamp-Dependency,code snippet injection
936,5,Timestamp-Dependency,code snippet injection
920,3,Timestamp-Dependency,code snippet injection
904,5,Timestamp-Dependency,code snippet injection
891,9,Timestamp-Dependency,code snippet injection
883,4,Timestamp-Dependency,code snippet injection
870,9,Timestamp-Dependency,code snippet injection
855,5,Timestamp-Dependency,code snippet injection
837,9,Timestamp-Dependency,code snippet injection
817,5,Timestamp-Dependency,code snippet injection
797,5,Timestamp-Dependency,code snippet injection
785,4,Timestamp-Dependency,code snippet injection
772,3,Timestamp-Dependency,code snippet injection
753,9,Timestamp-Dependency,code snippet injection
746,3,Timestamp-Dependency,code snippet injection
738,4,Timestamp-Dependency,code snippet injection
663,4,Timestamp-Dependency,code snippet injection
641,4,Timestamp-Dependency,code snippet injection
608,9,Timestamp-Dependency,code snippet injection
585,5,Timestamp-Dependency,code snippet injection
567,9,Timestamp-Dependency,code snippet injection
554,4,Timestamp-Dependency,code snippet injection
540,4,Timestamp-Dependency,code snippet injection
524,5,Timestamp-Dependency,code snippet injection
509,5,Timestamp-Dependency,code snippet injection
989,3,Timestamp-Dependency,code snippet injection
979,9,Timestamp-Dependency,code snippet injection
975,3,Timestamp-Dependency,code snippet injection
706,3,Timestamp-Dependency,code snippet injection
696,9,Timestamp-Dependency,code snippet injection
686,9,Timestamp-Dependency,code snippet injection
682,3,Timestamp-Dependency,code snippet injection
