loc,length,bug type,approach
84,36,Timestamp-Dependency,code snippet injection
67,1,Timestamp-Dependency,code snippet injection
65,1,Timestamp-Dependency,code snippet injection
134,1,Timestamp-Dependency,code snippet injection
464,1,Timestamp-Dependency,code snippet injection
460,1,Timestamp-Dependency,code snippet injection
447,9,Timestamp-Dependency,code snippet injection
435,4,Timestamp-Dependency,code snippet injection
423,4,Timestamp-Dependency,code snippet injection
417,3,Timestamp-Dependency,code snippet injection
408,5,Timestamp-Dependency,code snippet injection
380,4,Timestamp-Dependency,code snippet injection
284,3,Timestamp-Dependency,code snippet injection
276,5,Timestamp-Dependency,code snippet injection
267,3,Timestamp-Dependency,code snippet injection
259,5,Timestamp-Dependency,code snippet injection
249,3,Timestamp-Dependency,code snippet injection
239,5,Timestamp-Dependency,code snippet injection
224,9,Timestamp-Dependency,code snippet injection
217,4,Timestamp-Dependency,code snippet injection
204,9,Timestamp-Dependency,code snippet injection
154,5,Timestamp-Dependency,code snippet injection
139,9,Timestamp-Dependency,code snippet injection
124,5,Timestamp-Dependency,code snippet injection
73,5,Timestamp-Dependency,code snippet injection
60,4,Timestamp-Dependency,code snippet injection
56,3,Timestamp-Dependency,code snippet injection
46,9,Timestamp-Dependency,code snippet injection
42,3,Timestamp-Dependency,code snippet injection
37,4,Timestamp-Dependency,code snippet injection
32,4,Timestamp-Dependency,code snippet injection
360,4,Timestamp-Dependency,code snippet injection
350,9,Timestamp-Dependency,code snippet injection
344,5,Timestamp-Dependency,code snippet injection
334,9,Timestamp-Dependency,code snippet injection
329,4,Timestamp-Dependency,code snippet injection
324,4,Timestamp-Dependency,code snippet injection
316,5,Timestamp-Dependency,code snippet injection
310,5,Timestamp-Dependency,code snippet injection
306,3,Timestamp-Dependency,code snippet injection
296,9,Timestamp-Dependency,code snippet injection
292,3,Timestamp-Dependency,code snippet injection
191,3,Timestamp-Dependency,code snippet injection
181,9,Timestamp-Dependency,code snippet injection
170,9,Timestamp-Dependency,code snippet injection
166,3,Timestamp-Dependency,code snippet injection
