loc,length,bug type,approach
912,36,Timestamp-Dependency,code snippet injection
748,1,Timestamp-Dependency,code snippet injection
746,1,Timestamp-Dependency,code snippet injection
724,1,Timestamp-Dependency,code snippet injection
702,1,Timestamp-Dependency,code snippet injection
627,1,Timestamp-Dependency,code snippet injection
617,9,Timestamp-Dependency,code snippet injection
568,4,Timestamp-Dependency,code snippet injection
563,4,Timestamp-Dependency,code snippet injection
500,3,Timestamp-Dependency,code snippet injection
491,5,Timestamp-Dependency,code snippet injection
963,4,Timestamp-Dependency,code snippet injection
906,3,Timestamp-Dependency,code snippet injection
897,5,Timestamp-Dependency,code snippet injection
890,3,Timestamp-Dependency,code snippet injection
871,5,Timestamp-Dependency,code snippet injection
854,3,Timestamp-Dependency,code snippet injection
836,5,Timestamp-Dependency,code snippet injection
818,9,Timestamp-Dependency,code snippet injection
805,4,Timestamp-Dependency,code snippet injection
793,9,Timestamp-Dependency,code snippet injection
785,5,Timestamp-Dependency,code snippet injection
758,9,Timestamp-Dependency,code snippet injection
733,5,Timestamp-Dependency,code snippet injection
717,5,Timestamp-Dependency,code snippet injection
696,4,Timestamp-Dependency,code snippet injection
679,3,Timestamp-Dependency,code snippet injection
657,9,Timestamp-Dependency,code snippet injection
650,3,Timestamp-Dependency,code snippet injection
641,4,Timestamp-Dependency,code snippet injection
611,4,Timestamp-Dependency,code snippet injection
599,4,Timestamp-Dependency,code snippet injection
552,9,Timestamp-Dependency,code snippet injection
537,5,Timestamp-Dependency,code snippet injection
520,9,Timestamp-Dependency,code snippet injection
483,4,Timestamp-Dependency,code snippet injection
465,4,Timestamp-Dependency,code snippet injection
449,5,Timestamp-Dependency,code snippet injection
423,5,Timestamp-Dependency,code snippet injection
401,3,Timestamp-Dependency,code snippet injection
375,9,Timestamp-Dependency,code snippet injection
349,3,Timestamp-Dependency,code snippet injection
327,3,Timestamp-Dependency,code snippet injection
301,9,Timestamp-Dependency,code snippet injection
274,9,Timestamp-Dependency,code snippet injection
259,3,Timestamp-Dependency,code snippet injection
