loc,length,bug type,approach
886,36,Timestamp-Dependency,code snippet injection
884,1,Timestamp-Dependency,code snippet injection
882,1,Timestamp-Dependency,code snippet injection
880,1,Timestamp-Dependency,code snippet injection
878,1,Timestamp-Dependency,code snippet injection
876,1,Timestamp-Dependency,code snippet injection
865,9,Timestamp-Dependency,code snippet injection
853,4,Timestamp-Dependency,code snippet injection
1475,4,Timestamp-Dependency,code snippet injection
1452,3,Timestamp-Dependency,code snippet injection
1423,5,Timestamp-Dependency,code snippet injection
1402,4,Timestamp-Dependency,code snippet injection
1383,3,Timestamp-Dependency,code snippet injection
1362,5,Timestamp-Dependency,code snippet injection
1333,3,Timestamp-Dependency,code snippet injection
1319,5,Timestamp-Dependency,code snippet injection
1309,3,Timestamp-Dependency,code snippet injection
1242,5,Timestamp-Dependency,code snippet injection
1209,9,Timestamp-Dependency,code snippet injection
1195,4,Timestamp-Dependency,code snippet injection
1176,9,Timestamp-Dependency,code snippet injection
1160,5,Timestamp-Dependency,code snippet injection
1125,9,Timestamp-Dependency,code snippet injection
1092,5,Timestamp-Dependency,code snippet injection
1044,5,Timestamp-Dependency,code snippet injection
968,4,Timestamp-Dependency,code snippet injection
946,3,Timestamp-Dependency,code snippet injection
689,9,Timestamp-Dependency,code snippet injection
271,3,Timestamp-Dependency,code snippet injection
229,4,Timestamp-Dependency,code snippet injection
207,4,Timestamp-Dependency,code snippet injection
179,4,Timestamp-Dependency,code snippet injection
152,9,Timestamp-Dependency,code snippet injection
138,5,Timestamp-Dependency,code snippet injection
120,9,Timestamp-Dependency,code snippet injection
106,4,Timestamp-Dependency,code snippet injection
91,4,Timestamp-Dependency,code snippet injection
76,5,Timestamp-Dependency,code snippet injection
837,5,Timestamp-Dependency,code snippet injection
830,3,Timestamp-Dependency,code snippet injection
820,9,Timestamp-Dependency,code snippet injection
815,3,Timestamp-Dependency,code snippet injection
811,3,Timestamp-Dependency,code snippet injection
801,9,Timestamp-Dependency,code snippet injection
791,9,Timestamp-Dependency,code snippet injection
786,3,Timestamp-Dependency,code snippet injection
