loc,length,bug type,approach
237,36,Timestamp-Dependency,code snippet injection
231,1,Timestamp-Dependency,code snippet injection
224,1,Timestamp-Dependency,code snippet injection
216,1,Timestamp-Dependency,code snippet injection
210,1,Timestamp-Dependency,code snippet injection
202,1,Timestamp-Dependency,code snippet injection
156,9,Timestamp-Dependency,code snippet injection
109,4,Timestamp-Dependency,code snippet injection
114,4,Timestamp-Dependency,code snippet injection
100,3,Timestamp-Dependency,code snippet injection
94,5,Timestamp-Dependency,code snippet injection
89,4,Timestamp-Dependency,code snippet injection
85,3,Timestamp-Dependency,code snippet injection
79,5,Timestamp-Dependency,code snippet injection
75,3,Timestamp-Dependency,code snippet injection
