loc,length,bug type,approach
343,36,Timestamp-Dependency,code snippet injection
470,1,Timestamp-Dependency,code snippet injection
452,1,Timestamp-Dependency,code snippet injection
437,1,Timestamp-Dependency,code snippet injection
397,1,Timestamp-Dependency,code snippet injection
311,1,Timestamp-Dependency,code snippet injection
297,9,Timestamp-Dependency,code snippet injection
278,4,Timestamp-Dependency,code snippet injection
215,4,Timestamp-Dependency,code snippet injection
183,3,Timestamp-Dependency,code snippet injection
172,5,Timestamp-Dependency,code snippet injection
164,4,Timestamp-Dependency,code snippet injection
152,3,Timestamp-Dependency,code snippet injection
47,5,Timestamp-Dependency,code snippet injection
41,3,Timestamp-Dependency,code snippet injection
35,5,Timestamp-Dependency,code snippet injection
31,3,Timestamp-Dependency,code snippet injection
25,5,Timestamp-Dependency,code snippet injection
15,9,Timestamp-Dependency,code snippet injection
10,4,Timestamp-Dependency,code snippet injection
328,9,Timestamp-Dependency,code snippet injection
140,5,Timestamp-Dependency,code snippet injection
130,9,Timestamp-Dependency,code snippet injection
122,5,Timestamp-Dependency,code snippet injection
110,5,Timestamp-Dependency,code snippet injection
105,4,Timestamp-Dependency,code snippet injection
101,3,Timestamp-Dependency,code snippet injection
91,9,Timestamp-Dependency,code snippet injection
