loc,length,bug type,approach
193,36,Timestamp-Dependency,code snippet injection
390,1,Timestamp-Dependency,code snippet injection
295,1,Timestamp-Dependency,code snippet injection
290,1,Timestamp-Dependency,code snippet injection
285,1,Timestamp-Dependency,code snippet injection
280,1,Timestamp-Dependency,code snippet injection
236,9,Timestamp-Dependency,code snippet injection
184,4,Timestamp-Dependency,code snippet injection
172,4,Timestamp-Dependency,code snippet injection
161,3,Timestamp-Dependency,code snippet injection
147,5,Timestamp-Dependency,code snippet injection
138,4,Timestamp-Dependency,code snippet injection
130,3,Timestamp-Dependency,code snippet injection
119,5,Timestamp-Dependency,code snippet injection
111,3,Timestamp-Dependency,code snippet injection
102,5,Timestamp-Dependency,code snippet injection
94,3,Timestamp-Dependency,code snippet injection
85,5,Timestamp-Dependency,code snippet injection
45,9,Timestamp-Dependency,code snippet injection
36,4,Timestamp-Dependency,code snippet injection
264,9,Timestamp-Dependency,code snippet injection
258,5,Timestamp-Dependency,code snippet injection
248,9,Timestamp-Dependency,code snippet injection
75,5,Timestamp-Dependency,code snippet injection
68,5,Timestamp-Dependency,code snippet injection
62,4,Timestamp-Dependency,code snippet injection
58,3,Timestamp-Dependency,code snippet injection
