loc,length,bug type,approach
365,36,Timestamp-Dependency,code snippet injection
69,1,Timestamp-Dependency,code snippet injection
63,1,Timestamp-Dependency,code snippet injection
129,1,Timestamp-Dependency,code snippet injection
565,1,Timestamp-Dependency,code snippet injection
545,1,Timestamp-Dependency,code snippet injection
527,9,Timestamp-Dependency,code snippet injection
516,4,Timestamp-Dependency,code snippet injection
505,4,Timestamp-Dependency,code snippet injection
460,3,Timestamp-Dependency,code snippet injection
441,5,Timestamp-Dependency,code snippet injection
428,4,Timestamp-Dependency,code snippet injection
310,3,Timestamp-Dependency,code snippet injection
296,5,Timestamp-Dependency,code snippet injection
285,3,Timestamp-Dependency,code snippet injection
253,5,Timestamp-Dependency,code snippet injection
245,3,Timestamp-Dependency,code snippet injection
219,5,Timestamp-Dependency,code snippet injection
200,9,Timestamp-Dependency,code snippet injection
184,4,Timestamp-Dependency,code snippet injection
165,9,Timestamp-Dependency,code snippet injection
153,5,Timestamp-Dependency,code snippet injection
137,9,Timestamp-Dependency,code snippet injection
116,5,Timestamp-Dependency,code snippet injection
100,5,Timestamp-Dependency,code snippet injection
89,4,Timestamp-Dependency,code snippet injection
79,3,Timestamp-Dependency,code snippet injection
407,9,Timestamp-Dependency,code snippet injection
54,3,Timestamp-Dependency,code snippet injection
46,4,Timestamp-Dependency,code snippet injection
