loc,length,bug type,approach
348,36,Timestamp-Dependency,code snippet injection
341,1,Timestamp-Dependency,code snippet injection
332,1,Timestamp-Dependency,code snippet injection
317,1,Timestamp-Dependency,code snippet injection
281,1,Timestamp-Dependency,code snippet injection
260,1,Timestamp-Dependency,code snippet injection
247,9,Timestamp-Dependency,code snippet injection
238,4,Timestamp-Dependency,code snippet injection
212,4,Timestamp-Dependency,code snippet injection
195,3,Timestamp-Dependency,code snippet injection
176,5,Timestamp-Dependency,code snippet injection
156,4,Timestamp-Dependency,code snippet injection
133,3,Timestamp-Dependency,code snippet injection
121,5,Timestamp-Dependency,code snippet injection
116,3,Timestamp-Dependency,code snippet injection
109,5,Timestamp-Dependency,code snippet injection
104,3,Timestamp-Dependency,code snippet injection
98,5,Timestamp-Dependency,code snippet injection
88,9,Timestamp-Dependency,code snippet injection
83,4,Timestamp-Dependency,code snippet injection
