loc,length,bug type,approach
52,36,Timestamp-Dependency,code snippet injection
375,1,Timestamp-Dependency,code snippet injection
113,1,Timestamp-Dependency,code snippet injection
611,1,Timestamp-Dependency,code snippet injection
606,1,Timestamp-Dependency,code snippet injection
583,1,Timestamp-Dependency,code snippet injection
556,9,Timestamp-Dependency,code snippet injection
547,4,Timestamp-Dependency,code snippet injection
538,4,Timestamp-Dependency,code snippet injection
530,3,Timestamp-Dependency,code snippet injection
363,5,Timestamp-Dependency,code snippet injection
348,4,Timestamp-Dependency,code snippet injection
342,3,Timestamp-Dependency,code snippet injection
334,5,Timestamp-Dependency,code snippet injection
328,3,Timestamp-Dependency,code snippet injection
290,5,Timestamp-Dependency,code snippet injection
283,3,Timestamp-Dependency,code snippet injection
271,5,Timestamp-Dependency,code snippet injection
255,9,Timestamp-Dependency,code snippet injection
244,4,Timestamp-Dependency,code snippet injection
227,9,Timestamp-Dependency,code snippet injection
218,5,Timestamp-Dependency,code snippet injection
205,9,Timestamp-Dependency,code snippet injection
195,5,Timestamp-Dependency,code snippet injection
186,5,Timestamp-Dependency,code snippet injection
179,4,Timestamp-Dependency,code snippet injection
172,3,Timestamp-Dependency,code snippet injection
160,9,Timestamp-Dependency,code snippet injection
141,3,Timestamp-Dependency,code snippet injection
132,4,Timestamp-Dependency,code snippet injection
125,4,Timestamp-Dependency,code snippet injection
117,4,Timestamp-Dependency,code snippet injection
100,9,Timestamp-Dependency,code snippet injection
92,5,Timestamp-Dependency,code snippet injection
38,9,Timestamp-Dependency,code snippet injection
29,4,Timestamp-Dependency,code snippet injection
20,4,Timestamp-Dependency,code snippet injection
514,5,Timestamp-Dependency,code snippet injection
508,5,Timestamp-Dependency,code snippet injection
504,3,Timestamp-Dependency,code snippet injection
494,9,Timestamp-Dependency,code snippet injection
355,3,Timestamp-Dependency,code snippet injection
318,3,Timestamp-Dependency,code snippet injection
308,9,Timestamp-Dependency,code snippet injection
298,9,Timestamp-Dependency,code snippet injection
153,3,Timestamp-Dependency,code snippet injection
