loc,length,bug type,approach
1103,36,Timestamp-Dependency,code snippet injection
1100,1,Timestamp-Dependency,code snippet injection
1098,1,Timestamp-Dependency,code snippet injection
1096,1,Timestamp-Dependency,code snippet injection
1094,1,Timestamp-Dependency,code snippet injection
1092,1,Timestamp-Dependency,code snippet injection
886,9,Timestamp-Dependency,code snippet injection
881,4,Timestamp-Dependency,code snippet injection
876,4,Timestamp-Dependency,code snippet injection
872,3,Timestamp-Dependency,code snippet injection
866,5,Timestamp-Dependency,code snippet injection
408,4,Timestamp-Dependency,code snippet injection
1318,3,Timestamp-Dependency,code snippet injection
1309,5,Timestamp-Dependency,code snippet injection
1297,3,Timestamp-Dependency,code snippet injection
1285,5,Timestamp-Dependency,code snippet injection
1272,3,Timestamp-Dependency,code snippet injection
1263,5,Timestamp-Dependency,code snippet injection
1239,9,Timestamp-Dependency,code snippet injection
1210,4,Timestamp-Dependency,code snippet injection
1172,9,Timestamp-Dependency,code snippet injection
1161,5,Timestamp-Dependency,code snippet injection
1147,9,Timestamp-Dependency,code snippet injection
1063,5,Timestamp-Dependency,code snippet injection
1041,5,Timestamp-Dependency,code snippet injection
1020,4,Timestamp-Dependency,code snippet injection
997,3,Timestamp-Dependency,code snippet injection
983,9,Timestamp-Dependency,code snippet injection
974,3,Timestamp-Dependency,code snippet injection
963,4,Timestamp-Dependency,code snippet injection
951,4,Timestamp-Dependency,code snippet injection
933,4,Timestamp-Dependency,code snippet injection
920,9,Timestamp-Dependency,code snippet injection
838,5,Timestamp-Dependency,code snippet injection
823,9,Timestamp-Dependency,code snippet injection
813,4,Timestamp-Dependency,code snippet injection
805,4,Timestamp-Dependency,code snippet injection
771,5,Timestamp-Dependency,code snippet injection
754,5,Timestamp-Dependency,code snippet injection
749,3,Timestamp-Dependency,code snippet injection
499,9,Timestamp-Dependency,code snippet injection
487,3,Timestamp-Dependency,code snippet injection
476,3,Timestamp-Dependency,code snippet injection
455,9,Timestamp-Dependency,code snippet injection
431,9,Timestamp-Dependency,code snippet injection
421,3,Timestamp-Dependency,code snippet injection
