loc,length,bug type,approach
2753,36,Timestamp-Dependency,code snippet injection
2747,1,Timestamp-Dependency,code snippet injection
2741,1,Timestamp-Dependency,code snippet injection
2735,1,Timestamp-Dependency,code snippet injection
2729,1,Timestamp-Dependency,code snippet injection
2723,1,Timestamp-Dependency,code snippet injection
2709,9,Timestamp-Dependency,code snippet injection
2700,4,Timestamp-Dependency,code snippet injection
2519,4,Timestamp-Dependency,code snippet injection
2511,3,Timestamp-Dependency,code snippet injection
1030,5,Timestamp-Dependency,code snippet injection
1021,4,Timestamp-Dependency,code snippet injection
1013,3,Timestamp-Dependency,code snippet injection
1003,5,Timestamp-Dependency,code snippet injection
982,3,Timestamp-Dependency,code snippet injection
972,5,Timestamp-Dependency,code snippet injection
964,3,Timestamp-Dependency,code snippet injection
954,5,Timestamp-Dependency,code snippet injection
940,9,Timestamp-Dependency,code snippet injection
931,4,Timestamp-Dependency,code snippet injection
3839,9,Timestamp-Dependency,code snippet injection
3817,5,Timestamp-Dependency,code snippet injection
3781,9,Timestamp-Dependency,code snippet injection
3753,5,Timestamp-Dependency,code snippet injection
3712,5,Timestamp-Dependency,code snippet injection
3689,4,Timestamp-Dependency,code snippet injection
3644,3,Timestamp-Dependency,code snippet injection
3605,9,Timestamp-Dependency,code snippet injection
3574,3,Timestamp-Dependency,code snippet injection
3518,4,Timestamp-Dependency,code snippet injection
3428,4,Timestamp-Dependency,code snippet injection
3414,4,Timestamp-Dependency,code snippet injection
3373,9,Timestamp-Dependency,code snippet injection
3350,5,Timestamp-Dependency,code snippet injection
3320,9,Timestamp-Dependency,code snippet injection
3291,4,Timestamp-Dependency,code snippet injection
3256,4,Timestamp-Dependency,code snippet injection
3224,5,Timestamp-Dependency,code snippet injection
3173,5,Timestamp-Dependency,code snippet injection
3146,3,Timestamp-Dependency,code snippet injection
3111,9,Timestamp-Dependency,code snippet injection
3092,3,Timestamp-Dependency,code snippet injection
3056,3,Timestamp-Dependency,code snippet injection
3029,9,Timestamp-Dependency,code snippet injection
2996,9,Timestamp-Dependency,code snippet injection
2982,3,Timestamp-Dependency,code snippet injection
