loc,length,bug type,approach
3019,36,Timestamp-Dependency,code snippet injection
2553,1,Timestamp-Dependency,code snippet injection
2551,1,Timestamp-Dependency,code snippet injection
2545,1,Timestamp-Dependency,code snippet injection
2543,1,Timestamp-Dependency,code snippet injection
746,1,Timestamp-Dependency,code snippet injection
3093,9,Timestamp-Dependency,code snippet injection
3082,4,Timestamp-Dependency,code snippet injection
3064,4,Timestamp-Dependency,code snippet injection
3008,3,Timestamp-Dependency,code snippet injection
2996,5,Timestamp-Dependency,code snippet injection
2966,4,Timestamp-Dependency,code snippet injection
2946,3,Timestamp-Dependency,code snippet injection
2935,5,Timestamp-Dependency,code snippet injection
2921,3,Timestamp-Dependency,code snippet injection
2900,5,Timestamp-Dependency,code snippet injection
2888,3,Timestamp-Dependency,code snippet injection
2861,5,Timestamp-Dependency,code snippet injection
2844,9,Timestamp-Dependency,code snippet injection
2827,4,Timestamp-Dependency,code snippet injection
2810,9,Timestamp-Dependency,code snippet injection
2780,5,Timestamp-Dependency,code snippet injection
2747,9,Timestamp-Dependency,code snippet injection
2720,5,Timestamp-Dependency,code snippet injection
2701,5,Timestamp-Dependency,code snippet injection
2685,4,Timestamp-Dependency,code snippet injection
2667,3,Timestamp-Dependency,code snippet injection
2647,9,Timestamp-Dependency,code snippet injection
2635,3,Timestamp-Dependency,code snippet injection
2613,4,Timestamp-Dependency,code snippet injection
2577,4,Timestamp-Dependency,code snippet injection
2569,4,Timestamp-Dependency,code snippet injection
2533,9,Timestamp-Dependency,code snippet injection
2514,5,Timestamp-Dependency,code snippet injection
2500,9,Timestamp-Dependency,code snippet injection
821,4,Timestamp-Dependency,code snippet injection
807,4,Timestamp-Dependency,code snippet injection
782,5,Timestamp-Dependency,code snippet injection
769,5,Timestamp-Dependency,code snippet injection
757,3,Timestamp-Dependency,code snippet injection
718,9,Timestamp-Dependency,code snippet injection
710,3,Timestamp-Dependency,code snippet injection
702,3,Timestamp-Dependency,code snippet injection
688,9,Timestamp-Dependency,code snippet injection
657,9,Timestamp-Dependency,code snippet injection
3014,3,Timestamp-Dependency,code snippet injection
