loc,length,bug type,approach
2082,36,Timestamp-Dependency,code snippet injection
2080,1,Timestamp-Dependency,code snippet injection
2078,1,Timestamp-Dependency,code snippet injection
2076,1,Timestamp-Dependency,code snippet injection
1055,1,Timestamp-Dependency,code snippet injection
1050,1,Timestamp-Dependency,code snippet injection
1036,9,Timestamp-Dependency,code snippet injection
1027,4,Timestamp-Dependency,code snippet injection
1018,4,Timestamp-Dependency,code snippet injection
1011,3,Timestamp-Dependency,code snippet injection
1002,5,Timestamp-Dependency,code snippet injection
991,4,Timestamp-Dependency,code snippet injection
451,3,Timestamp-Dependency,code snippet injection
442,5,Timestamp-Dependency,code snippet injection
2529,3,Timestamp-Dependency,code snippet injection
2504,5,Timestamp-Dependency,code snippet injection
2481,3,Timestamp-Dependency,code snippet injection
2457,5,Timestamp-Dependency,code snippet injection
2429,9,Timestamp-Dependency,code snippet injection
2406,4,Timestamp-Dependency,code snippet injection
2360,9,Timestamp-Dependency,code snippet injection
2320,5,Timestamp-Dependency,code snippet injection
2267,9,Timestamp-Dependency,code snippet injection
2223,5,Timestamp-Dependency,code snippet injection
2204,5,Timestamp-Dependency,code snippet injection
2186,4,Timestamp-Dependency,code snippet injection
2168,3,Timestamp-Dependency,code snippet injection
2144,9,Timestamp-Dependency,code snippet injection
2124,3,Timestamp-Dependency,code snippet injection
2053,4,Timestamp-Dependency,code snippet injection
2041,4,Timestamp-Dependency,code snippet injection
2029,4,Timestamp-Dependency,code snippet injection
2011,9,Timestamp-Dependency,code snippet injection
1998,5,Timestamp-Dependency,code snippet injection
1981,9,Timestamp-Dependency,code snippet injection
1969,4,Timestamp-Dependency,code snippet injection
1948,4,Timestamp-Dependency,code snippet injection
1925,5,Timestamp-Dependency,code snippet injection
1899,5,Timestamp-Dependency,code snippet injection
1888,3,Timestamp-Dependency,code snippet injection
1871,9,Timestamp-Dependency,code snippet injection
1856,3,Timestamp-Dependency,code snippet injection
1843,3,Timestamp-Dependency,code snippet injection
1826,9,Timestamp-Dependency,code snippet injection
1805,9,Timestamp-Dependency,code snippet injection
1789,3,Timestamp-Dependency,code snippet injection
