loc,length,bug type,approach
221,36,Timestamp-Dependency,code snippet injection
85,1,Timestamp-Dependency,code snippet injection
33,1,Timestamp-Dependency,code snippet injection
26,1,Timestamp-Dependency,code snippet injection
112,1,Timestamp-Dependency,code snippet injection
425,1,Timestamp-Dependency,code snippet injection
412,9,Timestamp-Dependency,code snippet injection
372,4,Timestamp-Dependency,code snippet injection
348,4,Timestamp-Dependency,code snippet injection
330,3,Timestamp-Dependency,code snippet injection
316,5,Timestamp-Dependency,code snippet injection
297,4,Timestamp-Dependency,code snippet injection
221,3,Timestamp-Dependency,code snippet injection
215,5,Timestamp-Dependency,code snippet injection
211,3,Timestamp-Dependency,code snippet injection
199,5,Timestamp-Dependency,code snippet injection
188,3,Timestamp-Dependency,code snippet injection
168,5,Timestamp-Dependency,code snippet injection
135,9,Timestamp-Dependency,code snippet injection
121,4,Timestamp-Dependency,code snippet injection
95,9,Timestamp-Dependency,code snippet injection
26,5,Timestamp-Dependency,code snippet injection
16,9,Timestamp-Dependency,code snippet injection
10,5,Timestamp-Dependency,code snippet injection
400,5,Timestamp-Dependency,code snippet injection
395,4,Timestamp-Dependency,code snippet injection
391,3,Timestamp-Dependency,code snippet injection
381,9,Timestamp-Dependency,code snippet injection
271,3,Timestamp-Dependency,code snippet injection
156,4,Timestamp-Dependency,code snippet injection
151,4,Timestamp-Dependency,code snippet injection
79,4,Timestamp-Dependency,code snippet injection
