loc,length,bug type,approach
120,36,Timestamp-Dependency,code snippet injection
177,1,Timestamp-Dependency,code snippet injection
716,1,Timestamp-Dependency,code snippet injection
705,1,Timestamp-Dependency,code snippet injection
677,1,Timestamp-Dependency,code snippet injection
667,1,Timestamp-Dependency,code snippet injection
650,9,Timestamp-Dependency,code snippet injection
637,4,Timestamp-Dependency,code snippet injection
625,4,Timestamp-Dependency,code snippet injection
603,3,Timestamp-Dependency,code snippet injection
587,5,Timestamp-Dependency,code snippet injection
578,4,Timestamp-Dependency,code snippet injection
570,3,Timestamp-Dependency,code snippet injection
560,5,Timestamp-Dependency,code snippet injection
551,3,Timestamp-Dependency,code snippet injection
541,5,Timestamp-Dependency,code snippet injection
533,3,Timestamp-Dependency,code snippet injection
523,5,Timestamp-Dependency,code snippet injection
509,9,Timestamp-Dependency,code snippet injection
500,4,Timestamp-Dependency,code snippet injection
348,9,Timestamp-Dependency,code snippet injection
339,5,Timestamp-Dependency,code snippet injection
326,9,Timestamp-Dependency,code snippet injection
317,5,Timestamp-Dependency,code snippet injection
216,5,Timestamp-Dependency,code snippet injection
203,4,Timestamp-Dependency,code snippet injection
196,3,Timestamp-Dependency,code snippet injection
182,9,Timestamp-Dependency,code snippet injection
169,3,Timestamp-Dependency,code snippet injection
161,4,Timestamp-Dependency,code snippet injection
108,4,Timestamp-Dependency,code snippet injection
99,4,Timestamp-Dependency,code snippet injection
84,9,Timestamp-Dependency,code snippet injection
486,5,Timestamp-Dependency,code snippet injection
476,9,Timestamp-Dependency,code snippet injection
470,4,Timestamp-Dependency,code snippet injection
464,4,Timestamp-Dependency,code snippet injection
458,5,Timestamp-Dependency,code snippet injection
452,5,Timestamp-Dependency,code snippet injection
448,3,Timestamp-Dependency,code snippet injection
438,9,Timestamp-Dependency,code snippet injection
434,3,Timestamp-Dependency,code snippet injection
429,3,Timestamp-Dependency,code snippet injection
419,9,Timestamp-Dependency,code snippet injection
301,9,Timestamp-Dependency,code snippet injection
297,3,Timestamp-Dependency,code snippet injection
