loc,length,bug type,approach
218,36,Timestamp-Dependency,code snippet injection
212,1,Timestamp-Dependency,code snippet injection
528,1,Timestamp-Dependency,code snippet injection
514,1,Timestamp-Dependency,code snippet injection
455,1,Timestamp-Dependency,code snippet injection
442,1,Timestamp-Dependency,code snippet injection
423,9,Timestamp-Dependency,code snippet injection
353,4,Timestamp-Dependency,code snippet injection
331,4,Timestamp-Dependency,code snippet injection
293,3,Timestamp-Dependency,code snippet injection
271,5,Timestamp-Dependency,code snippet injection
259,4,Timestamp-Dependency,code snippet injection
203,3,Timestamp-Dependency,code snippet injection
194,5,Timestamp-Dependency,code snippet injection
187,3,Timestamp-Dependency,code snippet injection
181,5,Timestamp-Dependency,code snippet injection
176,3,Timestamp-Dependency,code snippet injection
170,5,Timestamp-Dependency,code snippet injection
160,9,Timestamp-Dependency,code snippet injection
155,4,Timestamp-Dependency,code snippet injection
145,9,Timestamp-Dependency,code snippet injection
139,5,Timestamp-Dependency,code snippet injection
129,9,Timestamp-Dependency,code snippet injection
123,5,Timestamp-Dependency,code snippet injection
116,5,Timestamp-Dependency,code snippet injection
109,4,Timestamp-Dependency,code snippet injection
103,3,Timestamp-Dependency,code snippet injection
93,9,Timestamp-Dependency,code snippet injection
89,3,Timestamp-Dependency,code snippet injection
82,4,Timestamp-Dependency,code snippet injection
76,4,Timestamp-Dependency,code snippet injection
71,4,Timestamp-Dependency,code snippet injection
59,9,Timestamp-Dependency,code snippet injection
