loc,length,bug type,approach
195,36,Timestamp-Dependency,code snippet injection
193,1,Timestamp-Dependency,code snippet injection
191,1,Timestamp-Dependency,code snippet injection
189,1,Timestamp-Dependency,code snippet injection
49,1,Timestamp-Dependency,code snippet injection
102,1,Timestamp-Dependency,code snippet injection
569,9,Timestamp-Dependency,code snippet injection
559,4,Timestamp-Dependency,code snippet injection
535,4,Timestamp-Dependency,code snippet injection
522,3,Timestamp-Dependency,code snippet injection
509,5,Timestamp-Dependency,code snippet injection
497,4,Timestamp-Dependency,code snippet injection
484,3,Timestamp-Dependency,code snippet injection
445,5,Timestamp-Dependency,code snippet injection
360,3,Timestamp-Dependency,code snippet injection
326,5,Timestamp-Dependency,code snippet injection
287,3,Timestamp-Dependency,code snippet injection
274,5,Timestamp-Dependency,code snippet injection
86,9,Timestamp-Dependency,code snippet injection
73,4,Timestamp-Dependency,code snippet injection
59,9,Timestamp-Dependency,code snippet injection
180,5,Timestamp-Dependency,code snippet injection
169,9,Timestamp-Dependency,code snippet injection
163,5,Timestamp-Dependency,code snippet injection
157,5,Timestamp-Dependency,code snippet injection
143,4,Timestamp-Dependency,code snippet injection
139,3,Timestamp-Dependency,code snippet injection
129,9,Timestamp-Dependency,code snippet injection
125,3,Timestamp-Dependency,code snippet injection
43,4,Timestamp-Dependency,code snippet injection
38,4,Timestamp-Dependency,code snippet injection
