loc,length,bug type,approach
120,36,Timestamp-Dependency,code snippet injection
116,1,Timestamp-Dependency,code snippet injection
112,1,Timestamp-Dependency,code snippet injection
108,1,Timestamp-Dependency,code snippet injection
466,1,Timestamp-Dependency,code snippet injection
459,1,Timestamp-Dependency,code snippet injection
445,9,Timestamp-Dependency,code snippet injection
435,4,Timestamp-Dependency,code snippet injection
426,4,Timestamp-Dependency,code snippet injection
418,3,Timestamp-Dependency,code snippet injection
382,5,Timestamp-Dependency,code snippet injection
367,4,Timestamp-Dependency,code snippet injection
354,3,Timestamp-Dependency,code snippet injection
278,5,Timestamp-Dependency,code snippet injection
267,3,Timestamp-Dependency,code snippet injection
239,5,Timestamp-Dependency,code snippet injection
224,3,Timestamp-Dependency,code snippet injection
210,5,Timestamp-Dependency,code snippet injection
179,9,Timestamp-Dependency,code snippet injection
165,4,Timestamp-Dependency,code snippet injection
96,9,Timestamp-Dependency,code snippet injection
82,5,Timestamp-Dependency,code snippet injection
70,9,Timestamp-Dependency,code snippet injection
56,5,Timestamp-Dependency,code snippet injection
48,5,Timestamp-Dependency,code snippet injection
41,4,Timestamp-Dependency,code snippet injection
35,3,Timestamp-Dependency,code snippet injection
23,9,Timestamp-Dependency,code snippet injection
17,3,Timestamp-Dependency,code snippet injection
10,4,Timestamp-Dependency,code snippet injection
