loc,length,bug type,approach
1134,36,Timestamp-Dependency,code snippet injection
1132,1,Timestamp-Dependency,code snippet injection
929,1,Timestamp-Dependency,code snippet injection
927,1,Timestamp-Dependency,code snippet injection
1205,1,Timestamp-Dependency,code snippet injection
1505,1,Timestamp-Dependency,code snippet injection
1484,9,Timestamp-Dependency,code snippet injection
1468,4,Timestamp-Dependency,code snippet injection
1455,4,Timestamp-Dependency,code snippet injection
1443,3,Timestamp-Dependency,code snippet injection
1421,5,Timestamp-Dependency,code snippet injection
1407,4,Timestamp-Dependency,code snippet injection
1394,3,Timestamp-Dependency,code snippet injection
1371,5,Timestamp-Dependency,code snippet injection
1346,3,Timestamp-Dependency,code snippet injection
1321,5,Timestamp-Dependency,code snippet injection
1302,3,Timestamp-Dependency,code snippet injection
1289,5,Timestamp-Dependency,code snippet injection
1276,9,Timestamp-Dependency,code snippet injection
1268,4,Timestamp-Dependency,code snippet injection
1255,9,Timestamp-Dependency,code snippet injection
1246,5,Timestamp-Dependency,code snippet injection
1229,9,Timestamp-Dependency,code snippet injection
1210,5,Timestamp-Dependency,code snippet injection
1190,5,Timestamp-Dependency,code snippet injection
1176,4,Timestamp-Dependency,code snippet injection
1108,3,Timestamp-Dependency,code snippet injection
1091,9,Timestamp-Dependency,code snippet injection
1076,3,Timestamp-Dependency,code snippet injection
1046,4,Timestamp-Dependency,code snippet injection
1035,4,Timestamp-Dependency,code snippet injection
1010,4,Timestamp-Dependency,code snippet injection
994,9,Timestamp-Dependency,code snippet injection
979,5,Timestamp-Dependency,code snippet injection
936,9,Timestamp-Dependency,code snippet injection
908,4,Timestamp-Dependency,code snippet injection
888,4,Timestamp-Dependency,code snippet injection
872,5,Timestamp-Dependency,code snippet injection
846,5,Timestamp-Dependency,code snippet injection
822,3,Timestamp-Dependency,code snippet injection
794,9,Timestamp-Dependency,code snippet injection
766,3,Timestamp-Dependency,code snippet injection
744,3,Timestamp-Dependency,code snippet injection
718,9,Timestamp-Dependency,code snippet injection
691,9,Timestamp-Dependency,code snippet injection
676,3,Timestamp-Dependency,code snippet injection
