loc,length,bug type,approach
401,36,Timestamp-Dependency,code snippet injection
398,1,Timestamp-Dependency,code snippet injection
395,1,Timestamp-Dependency,code snippet injection
392,1,Timestamp-Dependency,code snippet injection
389,1,Timestamp-Dependency,code snippet injection
386,1,Timestamp-Dependency,code snippet injection
186,9,Timestamp-Dependency,code snippet injection
181,4,Timestamp-Dependency,code snippet injection
62,4,Timestamp-Dependency,code snippet injection
870,3,Timestamp-Dependency,code snippet injection
851,5,Timestamp-Dependency,code snippet injection
816,4,Timestamp-Dependency,code snippet injection
785,3,Timestamp-Dependency,code snippet injection
741,5,Timestamp-Dependency,code snippet injection
713,3,Timestamp-Dependency,code snippet injection
683,5,Timestamp-Dependency,code snippet injection
656,3,Timestamp-Dependency,code snippet injection
627,5,Timestamp-Dependency,code snippet injection
594,9,Timestamp-Dependency,code snippet injection
566,4,Timestamp-Dependency,code snippet injection
510,9,Timestamp-Dependency,code snippet injection
480,5,Timestamp-Dependency,code snippet injection
303,9,Timestamp-Dependency,code snippet injection
289,5,Timestamp-Dependency,code snippet injection
280,5,Timestamp-Dependency,code snippet injection
270,4,Timestamp-Dependency,code snippet injection
257,3,Timestamp-Dependency,code snippet injection
239,9,Timestamp-Dependency,code snippet injection
232,3,Timestamp-Dependency,code snippet injection
219,4,Timestamp-Dependency,code snippet injection
209,4,Timestamp-Dependency,code snippet injection
200,4,Timestamp-Dependency,code snippet injection
154,9,Timestamp-Dependency,code snippet injection
140,5,Timestamp-Dependency,code snippet injection
123,9,Timestamp-Dependency,code snippet injection
107,4,Timestamp-Dependency,code snippet injection
88,4,Timestamp-Dependency,code snippet injection
76,5,Timestamp-Dependency,code snippet injection
43,5,Timestamp-Dependency,code snippet injection
35,3,Timestamp-Dependency,code snippet injection
21,9,Timestamp-Dependency,code snippet injection
491,3,Timestamp-Dependency,code snippet injection
487,3,Timestamp-Dependency,code snippet injection
449,9,Timestamp-Dependency,code snippet injection
439,9,Timestamp-Dependency,code snippet injection
176,3,Timestamp-Dependency,code snippet injection
