loc,length,bug type,approach
459,36,Timestamp-Dependency,code snippet injection
364,1,Timestamp-Dependency,code snippet injection
217,1,Timestamp-Dependency,code snippet injection
158,1,Timestamp-Dependency,code snippet injection
136,1,Timestamp-Dependency,code snippet injection
95,1,Timestamp-Dependency,code snippet injection
37,9,Timestamp-Dependency,code snippet injection
566,4,Timestamp-Dependency,code snippet injection
550,4,Timestamp-Dependency,code snippet injection
544,3,Timestamp-Dependency,code snippet injection
533,5,Timestamp-Dependency,code snippet injection
522,4,Timestamp-Dependency,code snippet injection
515,3,Timestamp-Dependency,code snippet injection
499,5,Timestamp-Dependency,code snippet injection
447,3,Timestamp-Dependency,code snippet injection
438,5,Timestamp-Dependency,code snippet injection
431,3,Timestamp-Dependency,code snippet injection
422,5,Timestamp-Dependency,code snippet injection
409,9,Timestamp-Dependency,code snippet injection
402,4,Timestamp-Dependency,code snippet injection
390,9,Timestamp-Dependency,code snippet injection
378,5,Timestamp-Dependency,code snippet injection
352,9,Timestamp-Dependency,code snippet injection
341,5,Timestamp-Dependency,code snippet injection
325,5,Timestamp-Dependency,code snippet injection
310,4,Timestamp-Dependency,code snippet injection
301,3,Timestamp-Dependency,code snippet injection
288,9,Timestamp-Dependency,code snippet injection
279,3,Timestamp-Dependency,code snippet injection
257,4,Timestamp-Dependency,code snippet injection
243,4,Timestamp-Dependency,code snippet injection
235,4,Timestamp-Dependency,code snippet injection
203,9,Timestamp-Dependency,code snippet injection
194,5,Timestamp-Dependency,code snippet injection
181,9,Timestamp-Dependency,code snippet injection
158,4,Timestamp-Dependency,code snippet injection
153,4,Timestamp-Dependency,code snippet injection
147,5,Timestamp-Dependency,code snippet injection
136,5,Timestamp-Dependency,code snippet injection
132,3,Timestamp-Dependency,code snippet injection
114,9,Timestamp-Dependency,code snippet injection
101,3,Timestamp-Dependency,code snippet injection
87,3,Timestamp-Dependency,code snippet injection
71,9,Timestamp-Dependency,code snippet injection
52,9,Timestamp-Dependency,code snippet injection
454,3,Timestamp-Dependency,code snippet injection
