loc,length,bug type,approach
295,36,Timestamp-Dependency,code snippet injection
293,1,Timestamp-Dependency,code snippet injection
932,1,Timestamp-Dependency,code snippet injection
764,1,Timestamp-Dependency,code snippet injection
762,1,Timestamp-Dependency,code snippet injection
760,1,Timestamp-Dependency,code snippet injection
750,9,Timestamp-Dependency,code snippet injection
745,4,Timestamp-Dependency,code snippet injection
740,4,Timestamp-Dependency,code snippet injection
736,3,Timestamp-Dependency,code snippet injection
730,5,Timestamp-Dependency,code snippet injection
725,4,Timestamp-Dependency,code snippet injection
721,3,Timestamp-Dependency,code snippet injection
715,5,Timestamp-Dependency,code snippet injection
711,3,Timestamp-Dependency,code snippet injection
705,5,Timestamp-Dependency,code snippet injection
701,3,Timestamp-Dependency,code snippet injection
695,5,Timestamp-Dependency,code snippet injection
685,9,Timestamp-Dependency,code snippet injection
680,4,Timestamp-Dependency,code snippet injection
670,9,Timestamp-Dependency,code snippet injection
664,5,Timestamp-Dependency,code snippet injection
654,9,Timestamp-Dependency,code snippet injection
648,5,Timestamp-Dependency,code snippet injection
642,5,Timestamp-Dependency,code snippet injection
637,4,Timestamp-Dependency,code snippet injection
633,3,Timestamp-Dependency,code snippet injection
623,9,Timestamp-Dependency,code snippet injection
616,3,Timestamp-Dependency,code snippet injection
611,4,Timestamp-Dependency,code snippet injection
606,4,Timestamp-Dependency,code snippet injection
601,4,Timestamp-Dependency,code snippet injection
591,9,Timestamp-Dependency,code snippet injection
585,5,Timestamp-Dependency,code snippet injection
575,9,Timestamp-Dependency,code snippet injection
566,4,Timestamp-Dependency,code snippet injection
561,4,Timestamp-Dependency,code snippet injection
555,5,Timestamp-Dependency,code snippet injection
546,5,Timestamp-Dependency,code snippet injection
542,3,Timestamp-Dependency,code snippet injection
532,9,Timestamp-Dependency,code snippet injection
528,3,Timestamp-Dependency,code snippet injection
524,3,Timestamp-Dependency,code snippet injection
514,9,Timestamp-Dependency,code snippet injection
504,9,Timestamp-Dependency,code snippet injection
500,3,Timestamp-Dependency,code snippet injection
