loc,length,bug type,approach
521,36,Timestamp-Dependency,code snippet injection
591,1,Timestamp-Dependency,code snippet injection
1047,1,Timestamp-Dependency,code snippet injection
1038,1,Timestamp-Dependency,code snippet injection
1021,1,Timestamp-Dependency,code snippet injection
1009,1,Timestamp-Dependency,code snippet injection
979,9,Timestamp-Dependency,code snippet injection
954,4,Timestamp-Dependency,code snippet injection
931,4,Timestamp-Dependency,code snippet injection
903,3,Timestamp-Dependency,code snippet injection
879,5,Timestamp-Dependency,code snippet injection
858,4,Timestamp-Dependency,code snippet injection
837,3,Timestamp-Dependency,code snippet injection
820,5,Timestamp-Dependency,code snippet injection
810,3,Timestamp-Dependency,code snippet injection
792,5,Timestamp-Dependency,code snippet injection
782,3,Timestamp-Dependency,code snippet injection
770,5,Timestamp-Dependency,code snippet injection
744,9,Timestamp-Dependency,code snippet injection
732,4,Timestamp-Dependency,code snippet injection
716,9,Timestamp-Dependency,code snippet injection
623,5,Timestamp-Dependency,code snippet injection
604,9,Timestamp-Dependency,code snippet injection
578,5,Timestamp-Dependency,code snippet injection
566,5,Timestamp-Dependency,code snippet injection
56,4,Timestamp-Dependency,code snippet injection
48,3,Timestamp-Dependency,code snippet injection
691,9,Timestamp-Dependency,code snippet injection
687,3,Timestamp-Dependency,code snippet injection
682,4,Timestamp-Dependency,code snippet injection
676,4,Timestamp-Dependency,code snippet injection
670,4,Timestamp-Dependency,code snippet injection
659,9,Timestamp-Dependency,code snippet injection
514,5,Timestamp-Dependency,code snippet injection
