loc,length,bug type,approach
445,36,Timestamp-Dependency,code snippet injection
439,1,Timestamp-Dependency,code snippet injection
433,1,Timestamp-Dependency,code snippet injection
428,1,Timestamp-Dependency,code snippet injection
420,1,Timestamp-Dependency,code snippet injection
414,1,Timestamp-Dependency,code snippet injection
400,9,Timestamp-Dependency,code snippet injection
391,4,Timestamp-Dependency,code snippet injection
383,4,Timestamp-Dependency,code snippet injection
375,3,Timestamp-Dependency,code snippet injection
257,5,Timestamp-Dependency,code snippet injection
250,4,Timestamp-Dependency,code snippet injection
244,3,Timestamp-Dependency,code snippet injection
236,5,Timestamp-Dependency,code snippet injection
198,3,Timestamp-Dependency,code snippet injection
186,5,Timestamp-Dependency,code snippet injection
176,3,Timestamp-Dependency,code snippet injection
164,5,Timestamp-Dependency,code snippet injection
146,9,Timestamp-Dependency,code snippet injection
138,4,Timestamp-Dependency,code snippet injection
125,9,Timestamp-Dependency,code snippet injection
114,5,Timestamp-Dependency,code snippet injection
101,9,Timestamp-Dependency,code snippet injection
93,5,Timestamp-Dependency,code snippet injection
83,5,Timestamp-Dependency,code snippet injection
76,4,Timestamp-Dependency,code snippet injection
47,3,Timestamp-Dependency,code snippet injection
33,9,Timestamp-Dependency,code snippet injection
365,3,Timestamp-Dependency,code snippet injection
360,4,Timestamp-Dependency,code snippet injection
355,4,Timestamp-Dependency,code snippet injection
350,4,Timestamp-Dependency,code snippet injection
220,9,Timestamp-Dependency,code snippet injection
214,5,Timestamp-Dependency,code snippet injection
204,9,Timestamp-Dependency,code snippet injection
68,4,Timestamp-Dependency,code snippet injection
62,4,Timestamp-Dependency,code snippet injection
55,5,Timestamp-Dependency,code snippet injection
