loc,length,bug type,approach
1902,36,Timestamp-Dependency,code snippet injection
1900,1,Timestamp-Dependency,code snippet injection
1898,1,Timestamp-Dependency,code snippet injection
1800,1,Timestamp-Dependency,code snippet injection
1798,1,Timestamp-Dependency,code snippet injection
1796,1,Timestamp-Dependency,code snippet injection
1786,9,Timestamp-Dependency,code snippet injection
1118,4,Timestamp-Dependency,code snippet injection
1109,4,Timestamp-Dependency,code snippet injection
1101,3,Timestamp-Dependency,code snippet injection
1043,5,Timestamp-Dependency,code snippet injection
852,4,Timestamp-Dependency,code snippet injection
848,3,Timestamp-Dependency,code snippet injection
842,5,Timestamp-Dependency,code snippet injection
731,3,Timestamp-Dependency,code snippet injection
598,5,Timestamp-Dependency,code snippet injection
593,3,Timestamp-Dependency,code snippet injection
298,5,Timestamp-Dependency,code snippet injection
234,9,Timestamp-Dependency,code snippet injection
188,4,Timestamp-Dependency,code snippet injection
178,9,Timestamp-Dependency,code snippet injection
123,5,Timestamp-Dependency,code snippet injection
110,9,Timestamp-Dependency,code snippet injection
2313,5,Timestamp-Dependency,code snippet injection
2301,5,Timestamp-Dependency,code snippet injection
2288,4,Timestamp-Dependency,code snippet injection
2274,3,Timestamp-Dependency,code snippet injection
2261,9,Timestamp-Dependency,code snippet injection
2254,3,Timestamp-Dependency,code snippet injection
2246,4,Timestamp-Dependency,code snippet injection
2220,4,Timestamp-Dependency,code snippet injection
2206,4,Timestamp-Dependency,code snippet injection
2186,9,Timestamp-Dependency,code snippet injection
2176,5,Timestamp-Dependency,code snippet injection
2154,9,Timestamp-Dependency,code snippet injection
2133,4,Timestamp-Dependency,code snippet injection
2125,4,Timestamp-Dependency,code snippet injection
2114,5,Timestamp-Dependency,code snippet injection
2105,5,Timestamp-Dependency,code snippet injection
2092,3,Timestamp-Dependency,code snippet injection
2079,9,Timestamp-Dependency,code snippet injection
2072,3,Timestamp-Dependency,code snippet injection
2064,3,Timestamp-Dependency,code snippet injection
2049,9,Timestamp-Dependency,code snippet injection
2028,9,Timestamp-Dependency,code snippet injection
2018,3,Timestamp-Dependency,code snippet injection
