loc,length,bug type,approach
272,36,Timestamp-Dependency,code snippet injection
39,1,Timestamp-Dependency,code snippet injection
413,1,Timestamp-Dependency,code snippet injection
405,1,Timestamp-Dependency,code snippet injection
396,1,Timestamp-Dependency,code snippet injection
391,1,Timestamp-Dependency,code snippet injection
378,9,Timestamp-Dependency,code snippet injection
370,4,Timestamp-Dependency,code snippet injection
361,4,Timestamp-Dependency,code snippet injection
349,3,Timestamp-Dependency,code snippet injection
340,5,Timestamp-Dependency,code snippet injection
333,4,Timestamp-Dependency,code snippet injection
326,3,Timestamp-Dependency,code snippet injection
317,5,Timestamp-Dependency,code snippet injection
310,3,Timestamp-Dependency,code snippet injection
263,5,Timestamp-Dependency,code snippet injection
29,3,Timestamp-Dependency,code snippet injection
253,5,Timestamp-Dependency,code snippet injection
243,9,Timestamp-Dependency,code snippet injection
238,4,Timestamp-Dependency,code snippet injection
226,9,Timestamp-Dependency,code snippet injection
19,5,Timestamp-Dependency,code snippet injection
