loc,length,bug type,approach
63,36,Timestamp-Dependency,code snippet injection
162,1,Timestamp-Dependency,code snippet injection
157,1,Timestamp-Dependency,code snippet injection
152,1,Timestamp-Dependency,code snippet injection
56,1,Timestamp-Dependency,code snippet injection
205,1,Timestamp-Dependency,code snippet injection
40,9,Timestamp-Dependency,code snippet injection
35,4,Timestamp-Dependency,code snippet injection
30,4,Timestamp-Dependency,code snippet injection
26,3,Timestamp-Dependency,code snippet injection
19,5,Timestamp-Dependency,code snippet injection
13,4,Timestamp-Dependency,code snippet injection
