loc,length,bug type,approach
447,36,Timestamp-Dependency,code snippet injection
441,1,Timestamp-Dependency,code snippet injection
435,1,Timestamp-Dependency,code snippet injection
429,1,Timestamp-Dependency,code snippet injection
423,1,Timestamp-Dependency,code snippet injection
316,1,Timestamp-Dependency,code snippet injection
304,9,Timestamp-Dependency,code snippet injection
297,4,Timestamp-Dependency,code snippet injection
290,4,Timestamp-Dependency,code snippet injection
263,3,Timestamp-Dependency,code snippet injection
251,5,Timestamp-Dependency,code snippet injection
240,4,Timestamp-Dependency,code snippet injection
229,3,Timestamp-Dependency,code snippet injection
206,5,Timestamp-Dependency,code snippet injection
199,3,Timestamp-Dependency,code snippet injection
190,5,Timestamp-Dependency,code snippet injection
182,3,Timestamp-Dependency,code snippet injection
173,5,Timestamp-Dependency,code snippet injection
161,9,Timestamp-Dependency,code snippet injection
153,4,Timestamp-Dependency,code snippet injection
141,9,Timestamp-Dependency,code snippet injection
132,5,Timestamp-Dependency,code snippet injection
118,9,Timestamp-Dependency,code snippet injection
109,5,Timestamp-Dependency,code snippet injection
99,5,Timestamp-Dependency,code snippet injection
36,4,Timestamp-Dependency,code snippet injection
28,3,Timestamp-Dependency,code snippet injection
409,9,Timestamp-Dependency,code snippet injection
405,3,Timestamp-Dependency,code snippet injection
279,4,Timestamp-Dependency,code snippet injection
274,4,Timestamp-Dependency,code snippet injection
269,4,Timestamp-Dependency,code snippet injection
84,9,Timestamp-Dependency,code snippet injection
78,5,Timestamp-Dependency,code snippet injection
68,9,Timestamp-Dependency,code snippet injection
63,4,Timestamp-Dependency,code snippet injection
58,4,Timestamp-Dependency,code snippet injection
52,5,Timestamp-Dependency,code snippet injection
45,5,Timestamp-Dependency,code snippet injection
