loc,length,bug type,approach
363,36,Timestamp-Dependency,code snippet injection
478,1,Timestamp-Dependency,code snippet injection
469,1,Timestamp-Dependency,code snippet injection
462,1,Timestamp-Dependency,code snippet injection
452,1,Timestamp-Dependency,code snippet injection
915,1,Timestamp-Dependency,code snippet injection
863,9,Timestamp-Dependency,code snippet injection
825,4,Timestamp-Dependency,code snippet injection
800,4,Timestamp-Dependency,code snippet injection
785,3,Timestamp-Dependency,code snippet injection
756,5,Timestamp-Dependency,code snippet injection
731,4,Timestamp-Dependency,code snippet injection
684,3,Timestamp-Dependency,code snippet injection
649,5,Timestamp-Dependency,code snippet injection
618,3,Timestamp-Dependency,code snippet injection
563,5,Timestamp-Dependency,code snippet injection
551,3,Timestamp-Dependency,code snippet injection
518,5,Timestamp-Dependency,code snippet injection
486,9,Timestamp-Dependency,code snippet injection
344,4,Timestamp-Dependency,code snippet injection
334,9,Timestamp-Dependency,code snippet injection
328,5,Timestamp-Dependency,code snippet injection
