loc,length,bug type,approach
238,36,Timestamp-Dependency,code snippet injection
232,1,Timestamp-Dependency,code snippet injection
159,1,Timestamp-Dependency,code snippet injection
157,1,Timestamp-Dependency,code snippet injection
121,1,Timestamp-Dependency,code snippet injection
119,1,Timestamp-Dependency,code snippet injection
75,9,Timestamp-Dependency,code snippet injection
70,4,Timestamp-Dependency,code snippet injection
1240,4,Timestamp-Dependency,code snippet injection
1232,3,Timestamp-Dependency,code snippet injection
1222,5,Timestamp-Dependency,code snippet injection
1210,4,Timestamp-Dependency,code snippet injection
1166,3,Timestamp-Dependency,code snippet injection
1139,5,Timestamp-Dependency,code snippet injection
1117,3,Timestamp-Dependency,code snippet injection
1097,5,Timestamp-Dependency,code snippet injection
1087,3,Timestamp-Dependency,code snippet injection
1066,5,Timestamp-Dependency,code snippet injection
1039,9,Timestamp-Dependency,code snippet injection
1019,4,Timestamp-Dependency,code snippet injection
994,9,Timestamp-Dependency,code snippet injection
978,5,Timestamp-Dependency,code snippet injection
948,9,Timestamp-Dependency,code snippet injection
922,5,Timestamp-Dependency,code snippet injection
898,5,Timestamp-Dependency,code snippet injection
869,4,Timestamp-Dependency,code snippet injection
847,3,Timestamp-Dependency,code snippet injection
821,9,Timestamp-Dependency,code snippet injection
800,3,Timestamp-Dependency,code snippet injection
784,4,Timestamp-Dependency,code snippet injection
773,4,Timestamp-Dependency,code snippet injection
756,4,Timestamp-Dependency,code snippet injection
740,9,Timestamp-Dependency,code snippet injection
728,5,Timestamp-Dependency,code snippet injection
702,9,Timestamp-Dependency,code snippet injection
690,4,Timestamp-Dependency,code snippet injection
679,4,Timestamp-Dependency,code snippet injection
340,5,Timestamp-Dependency,code snippet injection
327,5,Timestamp-Dependency,code snippet injection
300,3,Timestamp-Dependency,code snippet injection
284,9,Timestamp-Dependency,code snippet injection
214,3,Timestamp-Dependency,code snippet injection
206,3,Timestamp-Dependency,code snippet injection
192,9,Timestamp-Dependency,code snippet injection
179,9,Timestamp-Dependency,code snippet injection
172,3,Timestamp-Dependency,code snippet injection
