loc,length,bug type,approach
460,36,Timestamp-Dependency,code snippet injection
458,1,Timestamp-Dependency,code snippet injection
611,1,Timestamp-Dependency,code snippet injection
85,1,Timestamp-Dependency,code snippet injection
1028,1,Timestamp-Dependency,code snippet injection
988,1,Timestamp-Dependency,code snippet injection
961,9,Timestamp-Dependency,code snippet injection
932,4,Timestamp-Dependency,code snippet injection
919,4,Timestamp-Dependency,code snippet injection
843,3,Timestamp-Dependency,code snippet injection
821,5,Timestamp-Dependency,code snippet injection
812,4,Timestamp-Dependency,code snippet injection
803,3,Timestamp-Dependency,code snippet injection
785,5,Timestamp-Dependency,code snippet injection
773,3,Timestamp-Dependency,code snippet injection
747,5,Timestamp-Dependency,code snippet injection
739,3,Timestamp-Dependency,code snippet injection
730,5,Timestamp-Dependency,code snippet injection
715,9,Timestamp-Dependency,code snippet injection
703,4,Timestamp-Dependency,code snippet injection
689,9,Timestamp-Dependency,code snippet injection
670,5,Timestamp-Dependency,code snippet injection
655,9,Timestamp-Dependency,code snippet injection
641,5,Timestamp-Dependency,code snippet injection
632,5,Timestamp-Dependency,code snippet injection
622,4,Timestamp-Dependency,code snippet injection
420,3,Timestamp-Dependency,code snippet injection
141,9,Timestamp-Dependency,code snippet injection
137,3,Timestamp-Dependency,code snippet injection
132,4,Timestamp-Dependency,code snippet injection
127,4,Timestamp-Dependency,code snippet injection
122,4,Timestamp-Dependency,code snippet injection
112,9,Timestamp-Dependency,code snippet injection
99,5,Timestamp-Dependency,code snippet injection
758,9,Timestamp-Dependency,code snippet injection
753,4,Timestamp-Dependency,code snippet injection
593,4,Timestamp-Dependency,code snippet injection
582,5,Timestamp-Dependency,code snippet injection
575,5,Timestamp-Dependency,code snippet injection
571,3,Timestamp-Dependency,code snippet injection
559,9,Timestamp-Dependency,code snippet injection
554,3,Timestamp-Dependency,code snippet injection
549,3,Timestamp-Dependency,code snippet injection
531,9,Timestamp-Dependency,code snippet injection
521,9,Timestamp-Dependency,code snippet injection
515,3,Timestamp-Dependency,code snippet injection
