loc,length,bug type,approach
201,36,Timestamp-Dependency,code snippet injection
401,1,Timestamp-Dependency,code snippet injection
389,1,Timestamp-Dependency,code snippet injection
382,1,Timestamp-Dependency,code snippet injection
374,1,Timestamp-Dependency,code snippet injection
364,1,Timestamp-Dependency,code snippet injection
347,9,Timestamp-Dependency,code snippet injection
326,4,Timestamp-Dependency,code snippet injection
307,4,Timestamp-Dependency,code snippet injection
296,3,Timestamp-Dependency,code snippet injection
284,5,Timestamp-Dependency,code snippet injection
273,4,Timestamp-Dependency,code snippet injection
266,3,Timestamp-Dependency,code snippet injection
257,5,Timestamp-Dependency,code snippet injection
250,3,Timestamp-Dependency,code snippet injection
121,5,Timestamp-Dependency,code snippet injection
114,3,Timestamp-Dependency,code snippet injection
105,5,Timestamp-Dependency,code snippet injection
92,9,Timestamp-Dependency,code snippet injection
238,4,Timestamp-Dependency,code snippet injection
185,9,Timestamp-Dependency,code snippet injection
179,5,Timestamp-Dependency,code snippet injection
167,9,Timestamp-Dependency,code snippet injection
161,5,Timestamp-Dependency,code snippet injection
155,5,Timestamp-Dependency,code snippet injection
150,4,Timestamp-Dependency,code snippet injection
146,3,Timestamp-Dependency,code snippet injection
136,9,Timestamp-Dependency,code snippet injection
80,3,Timestamp-Dependency,code snippet injection
75,4,Timestamp-Dependency,code snippet injection
70,4,Timestamp-Dependency,code snippet injection
