loc,length,bug type,approach
389,36,Timestamp-Dependency,code snippet injection
691,1,Timestamp-Dependency,code snippet injection
685,1,Timestamp-Dependency,code snippet injection
662,1,Timestamp-Dependency,code snippet injection
657,1,Timestamp-Dependency,code snippet injection
628,1,Timestamp-Dependency,code snippet injection
614,9,Timestamp-Dependency,code snippet injection
571,4,Timestamp-Dependency,code snippet injection
542,4,Timestamp-Dependency,code snippet injection
515,3,Timestamp-Dependency,code snippet injection
489,5,Timestamp-Dependency,code snippet injection
469,4,Timestamp-Dependency,code snippet injection
459,3,Timestamp-Dependency,code snippet injection
438,5,Timestamp-Dependency,code snippet injection
430,3,Timestamp-Dependency,code snippet injection
288,5,Timestamp-Dependency,code snippet injection
277,3,Timestamp-Dependency,code snippet injection
267,5,Timestamp-Dependency,code snippet injection
253,9,Timestamp-Dependency,code snippet injection
243,4,Timestamp-Dependency,code snippet injection
229,9,Timestamp-Dependency,code snippet injection
218,5,Timestamp-Dependency,code snippet injection
203,9,Timestamp-Dependency,code snippet injection
645,5,Timestamp-Dependency,code snippet injection
639,5,Timestamp-Dependency,code snippet injection
633,4,Timestamp-Dependency,code snippet injection
379,3,Timestamp-Dependency,code snippet injection
368,9,Timestamp-Dependency,code snippet injection
364,3,Timestamp-Dependency,code snippet injection
359,4,Timestamp-Dependency,code snippet injection
353,4,Timestamp-Dependency,code snippet injection
348,4,Timestamp-Dependency,code snippet injection
338,9,Timestamp-Dependency,code snippet injection
331,5,Timestamp-Dependency,code snippet injection
321,9,Timestamp-Dependency,code snippet injection
316,4,Timestamp-Dependency,code snippet injection
179,4,Timestamp-Dependency,code snippet injection
173,5,Timestamp-Dependency,code snippet injection
166,5,Timestamp-Dependency,code snippet injection
161,3,Timestamp-Dependency,code snippet injection
151,9,Timestamp-Dependency,code snippet injection
147,3,Timestamp-Dependency,code snippet injection
143,3,Timestamp-Dependency,code snippet injection
133,9,Timestamp-Dependency,code snippet injection
123,9,Timestamp-Dependency,code snippet injection
