loc,length,bug type,approach
192,36,Timestamp-Dependency,code snippet injection
53,1,Timestamp-Dependency,code snippet injection
69,1,Timestamp-Dependency,code snippet injection
277,1,Timestamp-Dependency,code snippet injection
257,1,Timestamp-Dependency,code snippet injection
254,1,Timestamp-Dependency,code snippet injection
232,9,Timestamp-Dependency,code snippet injection
171,4,Timestamp-Dependency,code snippet injection
121,4,Timestamp-Dependency,code snippet injection
114,3,Timestamp-Dependency,code snippet injection
108,5,Timestamp-Dependency,code snippet injection
103,4,Timestamp-Dependency,code snippet injection
99,3,Timestamp-Dependency,code snippet injection
93,5,Timestamp-Dependency,code snippet injection
89,3,Timestamp-Dependency,code snippet injection
83,5,Timestamp-Dependency,code snippet injection
76,3,Timestamp-Dependency,code snippet injection
59,5,Timestamp-Dependency,code snippet injection
181,9,Timestamp-Dependency,code snippet injection
136,4,Timestamp-Dependency,code snippet injection
42,9,Timestamp-Dependency,code snippet injection
