loc,length,bug type,approach
188,36,Timestamp-Dependency,code snippet injection
186,1,Timestamp-Dependency,code snippet injection
184,1,Timestamp-Dependency,code snippet injection
16,1,Timestamp-Dependency,code snippet injection
42,1,Timestamp-Dependency,code snippet injection
1148,1,Timestamp-Dependency,code snippet injection
1120,9,Timestamp-Dependency,code snippet injection
1110,4,Timestamp-Dependency,code snippet injection
1102,4,Timestamp-Dependency,code snippet injection
1091,3,Timestamp-Dependency,code snippet injection
1081,5,Timestamp-Dependency,code snippet injection
1073,4,Timestamp-Dependency,code snippet injection
1066,3,Timestamp-Dependency,code snippet injection
1057,5,Timestamp-Dependency,code snippet injection
1045,3,Timestamp-Dependency,code snippet injection
1027,5,Timestamp-Dependency,code snippet injection
1018,3,Timestamp-Dependency,code snippet injection
988,5,Timestamp-Dependency,code snippet injection
949,9,Timestamp-Dependency,code snippet injection
936,4,Timestamp-Dependency,code snippet injection
917,9,Timestamp-Dependency,code snippet injection
903,5,Timestamp-Dependency,code snippet injection
877,9,Timestamp-Dependency,code snippet injection
858,5,Timestamp-Dependency,code snippet injection
838,5,Timestamp-Dependency,code snippet injection
823,4,Timestamp-Dependency,code snippet injection
812,3,Timestamp-Dependency,code snippet injection
792,9,Timestamp-Dependency,code snippet injection
759,3,Timestamp-Dependency,code snippet injection
739,4,Timestamp-Dependency,code snippet injection
724,4,Timestamp-Dependency,code snippet injection
710,4,Timestamp-Dependency,code snippet injection
693,9,Timestamp-Dependency,code snippet injection
680,5,Timestamp-Dependency,code snippet injection
641,9,Timestamp-Dependency,code snippet injection
627,4,Timestamp-Dependency,code snippet injection
603,4,Timestamp-Dependency,code snippet injection
577,5,Timestamp-Dependency,code snippet injection
563,5,Timestamp-Dependency,code snippet injection
542,3,Timestamp-Dependency,code snippet injection
517,9,Timestamp-Dependency,code snippet injection
502,3,Timestamp-Dependency,code snippet injection
489,3,Timestamp-Dependency,code snippet injection
463,9,Timestamp-Dependency,code snippet injection
439,9,Timestamp-Dependency,code snippet injection
422,3,Timestamp-Dependency,code snippet injection
