loc,length,bug type,approach
219,36,Timestamp-Dependency,code snippet injection
217,1,Timestamp-Dependency,code snippet injection
82,1,Timestamp-Dependency,code snippet injection
105,1,Timestamp-Dependency,code snippet injection
358,1,Timestamp-Dependency,code snippet injection
350,1,Timestamp-Dependency,code snippet injection
330,9,Timestamp-Dependency,code snippet injection
322,4,Timestamp-Dependency,code snippet injection
313,4,Timestamp-Dependency,code snippet injection
306,3,Timestamp-Dependency,code snippet injection
296,5,Timestamp-Dependency,code snippet injection
268,4,Timestamp-Dependency,code snippet injection
260,3,Timestamp-Dependency,code snippet injection
139,5,Timestamp-Dependency,code snippet injection
126,3,Timestamp-Dependency,code snippet injection
113,5,Timestamp-Dependency,code snippet injection
93,3,Timestamp-Dependency,code snippet injection
210,5,Timestamp-Dependency,code snippet injection
199,9,Timestamp-Dependency,code snippet injection
183,4,Timestamp-Dependency,code snippet injection
173,9,Timestamp-Dependency,code snippet injection
166,5,Timestamp-Dependency,code snippet injection
156,9,Timestamp-Dependency,code snippet injection
150,5,Timestamp-Dependency,code snippet injection
75,5,Timestamp-Dependency,code snippet injection
