loc,length,bug type,approach
1408,36,Timestamp-Dependency,code snippet injection
1160,1,Timestamp-Dependency,code snippet injection
1156,1,Timestamp-Dependency,code snippet injection
1152,1,Timestamp-Dependency,code snippet injection
1148,1,Timestamp-Dependency,code snippet injection
131,1,Timestamp-Dependency,code snippet injection
1875,9,Timestamp-Dependency,code snippet injection
1857,4,Timestamp-Dependency,code snippet injection
1844,4,Timestamp-Dependency,code snippet injection
1832,3,Timestamp-Dependency,code snippet injection
1800,5,Timestamp-Dependency,code snippet injection
1743,4,Timestamp-Dependency,code snippet injection
1709,3,Timestamp-Dependency,code snippet injection
1684,5,Timestamp-Dependency,code snippet injection
1673,3,Timestamp-Dependency,code snippet injection
1642,5,Timestamp-Dependency,code snippet injection
1603,3,Timestamp-Dependency,code snippet injection
1586,5,Timestamp-Dependency,code snippet injection
1567,9,Timestamp-Dependency,code snippet injection
1553,4,Timestamp-Dependency,code snippet injection
1536,9,Timestamp-Dependency,code snippet injection
1521,5,Timestamp-Dependency,code snippet injection
1503,9,Timestamp-Dependency,code snippet injection
1488,5,Timestamp-Dependency,code snippet injection
1473,5,Timestamp-Dependency,code snippet injection
1450,4,Timestamp-Dependency,code snippet injection
1373,3,Timestamp-Dependency,code snippet injection
1343,9,Timestamp-Dependency,code snippet injection
1323,3,Timestamp-Dependency,code snippet injection
1299,4,Timestamp-Dependency,code snippet injection
1274,4,Timestamp-Dependency,code snippet injection
1261,4,Timestamp-Dependency,code snippet injection
1171,9,Timestamp-Dependency,code snippet injection
1112,5,Timestamp-Dependency,code snippet injection
1091,9,Timestamp-Dependency,code snippet injection
1069,4,Timestamp-Dependency,code snippet injection
1050,4,Timestamp-Dependency,code snippet injection
1034,5,Timestamp-Dependency,code snippet injection
1014,5,Timestamp-Dependency,code snippet injection
964,3,Timestamp-Dependency,code snippet injection
790,9,Timestamp-Dependency,code snippet injection
455,3,Timestamp-Dependency,code snippet injection
437,3,Timestamp-Dependency,code snippet injection
415,9,Timestamp-Dependency,code snippet injection
395,9,Timestamp-Dependency,code snippet injection
378,3,Timestamp-Dependency,code snippet injection
